RecordID,Date,City,Temperature_C,Humidity_pct,WindSpeed_kmh,Weather,Precipitation_mm
1,2024-10-22,Antalya,22.1,78.0,22.6,Sunny,3.5
2,2023-01-25,Adana,31.0,49.0,18.2,Sunny,1.5
3,2022-08-19,Istanbul,-6.3,81.0,14.1,Cloudy,1.3
4,2022-04-03,Antalya,-0.9,71.0,4.5,,0.0
5,2024-10-13,Istanbul,11.6,62.0,16.0,Rain,0.7
6,2022-05-25,Izmir,19.2,65.0,10.2,Cloudy,0.4
7,2024-12-17,Bursa,18.1,70.0,10.8,Sunny,2.9
8,2023-01-31,Trabzon,17.6,53.0,21.6,Cloudy,8.0
9,2023-11-18,Konya,31.7,70.0,,Fog,3.0
10,2023-08-21,Izmir,6.0,68.0,15.0,Cloudy,0.7
11,2024-03-05,Izmir,15.9,47.0,9.4,Sunny,0.8
12,2022-05-13,Trabzon,22.3,81.0,24.2,Rain,0.3
13,2024-10-14,İstanbul,26.5,61.0,12.0,Cloudy,1.4
14,2024-02-03,Bursa,13.9,75.0,8.7,Sunny,2.1
15,2022-10-12,Ankara,18.0,43.0,,Rain,8.6
16,2022-05-31,Izmir,8.2,57.0,11.3,Sunny,0.7
17,2022-07-22,Konya,10.0,79.0,22.7,Fog,5.2
18,2022-03-03,Adana,8.7,55.0,4.2,Sunny,0.9
19,2023-04-21,Bursa,15.0,58.0,24.4,Snow,1.2
20,2022-12-02,Trabzon,17.7,59.0,19.5,Rain,0.1
21,2023-09-20,Konya,-3.3,64.0,11.2,Rain,1.3
22,2022-03-31,Adana,21.7,77.0,7.8,Sunny,2.3
23,2022-03-19,Konya,16.8,89.0,13.5,Rain,0.1
24,2022-03-29,Bursa,6.0,71.0,24.5,Sunny,1.6
25,2022-11-27,Izmir,28.1,67.0,14.1,Fog,7.2
26,2022-05-31,Antalya,14.7,55.0,4.9,Cloudy,0.1
27,2024-01-08,Adana,10.1,78.0,17.7,Sunny,0.0
28,2022-02-24,Bursa,8.1,,16.8,Sunny,1.7
29,2022-07-21,Istanbul,25.7,81.0,6.1,Sunny,1.4
30,2023-07-24,Adana,23.1,47.0,25.0,Sunny,2.7
31,2024-04-17,Antalya,3.2,76.0,11.5,Rain,
32,2022-05-08,Trabzon,-2.5,75.0,4.9,Cloudy,0.2
33,2023-12-11,Adana,3.8,33.0,26.4,Sunny,2.8
34,2023-03-08,Izmir,20.8,87.0,14.8,Sunny,2.3
35,2023-03-11,Antalya,14.7,32.0,0.8,Rain,1.1
36,2022-07-10,Bursa,18.9,36.0,16.9,Sunny,2.5
37,2024-02-02,Adana,17.9,38.0,31.5,Sunny,1.4
38,2022-11-14,Adana,17.4,59.0,23.2,Cloudy,5.3
39,2024-02-15,Bursa,15.1,50.0,24.8,Sunny,4.4
40,2022-11-24,Adana,11.6,79.0,20.5,Sunny,2.5
41,2023-05-18,Adana,12.0,70.0,24.0,Rain,2.3
42,2022-06-22,Istanbul,11.3,53.0,15.6,Snow,1.9
43,2022-12-07,Trabzon,-8.9,52.0,8.0,Sunny,0.3
44,2023-01-27,Bursa,17.4,69.0,14.4,Sunny,0.7
45,2022-06-03,Bursa,10.7,54.0,2.0,Sunny,1.7
46,2024-07-02,Konya,12.0,65.0,3.6,Cloudy,2.4
47,2022-09-04,Istanbul,8.5,52.0,13.2,Rain,2.1
48,2024-03-26,Bursa,9.1,83.0,21.1,Sunny,1.3
49,2022-04-14,Bursa,12.6,88.0,21.2,Rain,0.8
50,2023-08-18,Antalya,9.4,76.0,12.6,Cloudy,3.7
51,2024-12-22,Adana,25.1,64.0,11.4,Rain,0.2
52,2023-12-01,Bursa,22.4,80.0,7.1,Rain,0.2
53,2022-06-07,Istanbul,9.8,66.0,,,2.2
54,2023-07-19,Konya,5.0,64.0,10.5,Rain,0.2
55,2023-03-29,Ankara,29.4,43.0,20.6,Sunny,3.1
56,2022-06-21,Antalya,12.8,68.0,8.5,Cloudy,0.8
57,2022-02-24,Antalya,22.7,66.0,23.5,Sunny,2.5
58,2023-05-18,Bursa,18.6,82.0,16.5,Rain,3.4
59,2023-05-05,Konya,9.4,59.0,25.5,Sunny,2.6
60,2024-08-05,Ankara,4.6,38.0,11.2,Cloudy,0.9
61,2022-06-16,Trabzon,-12.1,60.0,18.5,Sunny,0.2
62,2023-06-02,Izmir,,64.0,12.4,Rain,0.3
63,2023-01-23,Istanbul,7.0,,24.8,Sunny,2.3
64,2022-04-21,Izmir,15.6,63.0,7.8,Rain,8.2
65,2023-09-05,Izmir,,150.0,15.9,Sunny,0.9
66,2024-10-12,Adana,6.3,44.0,21.9,Sunny,3.1
67,2023-05-07,Ankara,13.9,51.0,10.3,Snow,4.7
68,2022-12-14,Adana,32.3,86.0,20.7,Sunny,-5.0
69,2024-12-05,Konya,14.2,83.0,14.3,Sunny,0.9
70,2023-12-10,Adana,5.3,85.0,13.5,Cloudy,
71,2022-01-10,Trabzon,9.1,36.0,8.9,Sunny,2.9
72,2024-07-11,Trabzon,27.9,66.0,11.0,Sunny,1.0
73,2024-01-05,Ankara,18.3,78.0,18.3,Sunny,0.4
74,2022-10-04,Konya,8.3,90.0,19.2,Sunny,3.6
75,2023-08-27,İzmir,21.7,49.0,38.7,Cloudy,0.1
76,2024-03-25,Adana,14.5,56.0,22.4,Sunny,0.9
77,2022-05-07,Istanbul,9.4,95.0,21.0,Sunny,3.7
78,2022-09-10,Konya,4.2,50.0,1.1,Sunny,0.3
79,2023-03-14,Istanbul,27.4,69.0,17.5,Sunny,0.1
80,2023-11-16,Trabzon,8.8,61.0,17.3,Sunny,1.9
81,2022-01-11,Konya,13.2,31.0,10.3,Cloudy,0.1
82,2024-03-25,Izmir,25.3,72.0,15.6,Cloudy,0.8
83,2024-07-17,Istanbul,13.6,42.0,26.6,Rain,1.8
84,2024-05-28,Trabzon,27.5,66.0,15.6,Thunderstorm,2.8
85,2024-07-22,Istanbul,12.3,54.0,16.3,Cloudy,4.2
86,2024-05-02,Istanbul,27.0,65.0,14.7,Snow,0.3
87,2024-07-08,Ankara,15.9,94.0,20.8,Sunny,4.0
88,2022-03-19,Bursa,-2.5,60.0,16.8,Cloudy,0.4
89,2024-09-30,İzmir,25.8,72.0,21.4,Fog,1.2
90,2024-07-17,Adana,-1.2,75.0,22.0,,0.1
91,2024-02-16,Antalya,10.2,62.0,13.1,Cloudy,2.1
92,2024-06-15,Antalya,13.1,75.0,,Thunderstorm,2.5
93,2024-05-04,Adana,14.9,76.0,6.4,Sunny,0.6
94,2023-11-30,Adana,14.2,35.0,6.2,Cloudy,1.2
95,2024-10-08,Bursa,1.2,88.0,15.9,Sunny,1.5
96,2022-05-10,Istanbul,29.9,54.0,3.3,Sunny,1.0
97,2023-08-10,Trabzon,1.8,,23.0,Sunny,1.4
98,2024-02-19,Istanbul,13.8,63.0,15.1,Cloudy,1.0
99,2022-03-27, Adana,25.5,75.0,12.4,Thunderstorm,3.7
100,2022-07-09,Ankara,21.7,60.0,10.7,Cloudy,6.9
101,2023-08-11,Konya,11.2,64.0,25.9,Sunny,3.7
102,2024-11-14,Bursa,5.9,56.0,25.5,Thunderstorm,2.8
103,2024-01-19,Istanbul,6.9,90.0,6.2,Sunny,2.4
104,2023-12-05,Trabzon,21.2,90.0,20.0,Fog,0.1
105,2023-04-13,Konya,12.8,64.0,20.8,Sunny,0.2
106,2022-01-17,Ankara,15.3,49.0,5.4,Rain,0.5
107,2023-12-20,Ankara,1.9,66.0,12.5,Sunny,1.9
108,2022-09-13,Istanbul,24.0,37.0,15.8,Sunny,3.9
109,2023-07-02,Konya,31.9,59.0,38.2,Rain,0.2
110,2023-11-05,Bursa,11.6,60.0,9.8,Sunny,0.4
111,2022-03-16,Istanbul,3.9,62.0,12.4,Thunderstorm,2.5
112,2024-08-04,Antalya,1.5,53.0,5.5,Sunny,0.6
113,2024-08-13,Ankara,22.0,52.0,10.2,Sunny,
114,2024-05-02,Konya,24.0,56.0,24.7,Sunny,3.2
115,2024-09-11,Konya,7.7,67.0,13.2,Cloudy,3.7
116,2024-10-10,Istanbul,21.6,69.0,23.6,Cloudy,2.0
117,2022-01-25,Bursa,36.4,68.0,1.2,Sunny,1.3
118,2022-08-06,Trabzon,22.0,76.0,9.4,Fog,3.1
119,2024-12-24,Antalya,19.6,57.0,8.1,Sunny,4.5
120,2022-03-10,Adana,19.3,50.0,18.0,Sunny,5.8
121,2024-06-04,Adana,10.3,71.0,12.9,Sunny,3.6
122,2023-01-22,Istanbul,22.8,71.0,28.0,Sunny,0.4
123,2024-07-13,Konya,8.8,85.0,11.7,Cloudy,0.2
124,2023-11-23,Antalya,0.4,61.0,4.3,Cloudy,4.6
125,2024-03-26,Konya,12.6,64.0,5.3,Rain,5.5
126,2022-10-12,Istanbul,-1.5,44.0,20.8,Sunny,0.0
127,2023-10-24,Konya,14.2,41.0,12.1,Sunny,3.6
128,2023-09-15,Trabzon,999.0,84.0,8.5,Cloudy,0.8
129,2023-10-08,Adana,9.7,68.0,12.2,Sunny,4.2
130,2024-04-06,Konya,8.9,58.0,28.4,Sunny,0.7
131,2022-01-29,Istanbul,-8.2,46.0,13.3,Fog,1.7
132,2022-05-02,Bursa,23.5,71.0,1.6,Sunny,1.8
133,2024-04-27,Trabzon,8.8,48.0,8.2,Sunny,1.4
134,2024-03-07,Izmir,24.6,77.0,19.4,Cloudy,3.9
135,2022-06-03,Adana,25.8,69.0,19.9,Sunny,6.9
136,2022-12-16,Istanbul,31.1,83.0,27.8,Sunny,0.7
137,2024-01-31,Istanbul,25.7,57.0,16.1,Sunny,0.1
138,2023-04-18,İzmir,11.8,61.0,21.9,Cloudy,2.8
139,2023-09-20,Istanbul,9.3,43.0,21.9,Sunny,0.9
140,2023-04-21,Bursa,30.4,72.0,12.3,Cloudy,0.7
141,2024-03-14,Izmir,17.8,67.0,12.5,Rain,0.7
142,2022-01-09,Istanbul,21.8,78.0,7.6,Rain,0.2
143,2024-11-10,Konya,25.7,74.0,13.5,Sunny,1.8
144,2023-09-26,İzmir,6.5,90.0,15.2,Sunny,0.2
145,2024-04-24,Istanbul,16.3,77.0,13.6,Fog,0.4
146,2023-02-05,Konya,17.9,150.0,15.5,Sunny,1.0
147,2024-08-09,Trabzon,,39.0,18.6,,2.3
148,2022-05-25,Istanbul,10.8,80.0,29.2,Sunny,3.9
149,2024-09-10,Istanbul,16.3,85.0,17.6,Sunny,0.7
150,2023-01-31,Izmir,14.6,80.0,6.4,Sunny,2.8
151,2024-04-05,Adana,16.2,43.0,18.4,Cloudy,
152,2024-06-23,Izmir,16.6,66.0,24.7,Rain,1.7
153,2024-11-30,Adana,13.7,56.0,16.1,Cloudy,1.0
154,2022-04-06,Istanbul,10.4,82.0,13.6,Rain,1.3
155,2024-02-02,Istanbul,29.6,45.0,15.3,Sunny,-5.0
156,2024-02-10,Bursa,24.8,79.0,18.2,Rain,0.6
157,2024-11-04,Bursa,30.9,60.0,22.1,Sunny,0.6
158,2022-11-27,Izmir,28.1,67.0,14.1,Fog,7.2
159,2024-05-22,Bursa,25.7,58.0,16.9,Sunny,3.3
160,2023-07-23,Izmir,31.4,58.0,13.6,Sunny,0.6
161,2022-05-30,Izmir,14.1,74.0,16.7,Sunny,0.7
162,2022-07-01,Trabzon,11.0,73.0,23.2,Cloudy,0.8
163,2022-05-24,Izmir,16.6,59.0,8.0,Sunny,0.6
164,2024-01-29,Konya,2.2,44.0,0.7,Cloudy,0.4
165,2023-11-07,Ankara,12.8,54.0,21.9,Sunny,1.2
166,2022-05-11,Istanbul,6.2,50.0,4.6,Cloudy,1.5
167,2023-02-24,Ankara,-18.9,71.0,8.1,Rain,0.8
168,2022-07-21,Istanbul,25.7,81.0,6.1,Sunny,1.4
169,2024-07-09,Istanbul,18.0,78.0,15.3,Cloudy,2.0
170,2022-06-09,Adana,3.9,78.0,13.7,Sunny,4.9
171,2023-08-27,Ankara,6.3,69.0,9.9,Sunny,1.6
172,2024-03-15,Bursa,18.5,86.0,12.2,Sunny,0.8
173,2022-08-19,Antalya,12.6,67.0,7.0,Sunny,2.7
174,2022-11-17,Bursa,23.1,58.0,21.4,Cloudy,3.1
175,2022-10-07,Izmir,4.9,72.0,1.6,Sunny,1.5
176,2024-10-29,Adana,-2.1,86.0,9.7,Sunny,2.9
177,2023-11-13,Izmir,7.9,47.0,16.4,Cloudy,3.9
178,2024-10-19,Antalya,12.9,75.0,34.2,Snow,1.2
179,2023-12-24,Istanbul,6.7,71.0,1.9,,0.4
180,2022-09-25,Konya,20.2,50.0,10.8,Sunny,3.1
181,2024-02-24,Bursa,25.3,100.0,13.8,Cloudy,1.5
182,2023-03-20,Bursa,25.3,84.0,16.7,Cloudy,1.2
183,2024-03-16,İstanbul,37.9,77.0,20.7,Sunny,5.4
184,2023-09-02,Bursa,4.3,54.0,25.5,Sunny,2.2
185,2022-06-04,Izmir,-10.9,27.0,17.7,Sunny,0.2
186,2023-02-05,Trabzon,37.0,67.0,15.3,Fog,0.7
187,2024-11-11,Konya,,99.0,22.3,Thunderstorm,2.6
188,2023-02-23,Bursa,29.3,65.0,18.9,Fog,1.8
189,2024-12-29,Ankara,19.9,68.0,7.4,Sunny,1.2
190,2024-11-28,Istanbul,7.7,83.0,,Sunny,3.0
191,2024-04-26,Antalya,1.2,85.0,15.6,Sunny,0.4
192,2022-05-14,Antalya,19.5,65.0,3.5,Sunny,3.5
193,2024-10-23,Ankara,15.3,63.0,19.2,Cloudy,3.7
194,2024-07-28,Konya,16.3,77.0,13.1,Snow,2.6
195,2023-04-23,Izmir,19.9,,0.3,Cloudy,0.7
196,2024-07-16,Konya,12.9,60.0,32.1,Cloudy,4.7
197,2022-06-11,Istanbul,-9.1,57.0,,Sunny,0.3
198,2023-10-21,Istanbul,32.2,68.0,11.4,Rain,1.2
199,2024-06-02,Trabzon,37.0,91.0,10.9,Rain,1.5
200,2024-10-18,Adana,16.7,79.0,13.0,Cloudy,1.7
201,2024-02-18,Adana,19.0,86.0,19.2,Sunny,6.5
202,2024-01-02,Adana,12.9,41.0,2.8,Cloudy,2.2
203,2023-07-29,Adana,14.5,,16.0,Rain,1.9
204,2025-01-04,Istanbul,12.0,44.0,18.0,Cloudy,0.6
205,2024-01-21,Konya,18.1,86.0,1.5,Fog,1.3
206,2023-04-20,Konya,32.7,78.0,9.3,,1.6
207,2022-01-23,Konya,11.0,47.0,23.9,Cloudy,0.8
208,2024-05-22,Adana,17.5,85.0,16.8,Sunny,1.0
209,2024-11-04,Trabzon,6.6,62.0,15.2,Rain,3.0
210,2024-04-07,Izmir,12.5,50.0,4.0,Rain,3.0
211,2024-10-27,Antalya,14.5,97.0,4.9,Sunny,3.4
212,2023-03-11,Konya,7.4,64.0,16.0,Fog,0.4
213,2023-09-16,İstanbul,20.0,,20.2,,0.9
214,2024-05-26,Konya,17.7,85.0,3.9,Cloudy,0.6
215,2022-01-04,Istanbul,23.0,81.0,19.6,Cloudy,3.4
216,2022-04-09,Antalya,29.1,45.0,8.5,Sunny,4.1
217,2022-12-24,İstanbul,17.2,76.0,20.7,Sunny,1.1
218,2024-09-10,Konya,12.4,50.0,28.3,Rain,0.6
219,2024-12-13,Izmir,17.3,52.0,26.6,Sunny,5.1
220,2023-03-11,Antalya,21.2,39.0,7.9,Sunny,3.0
221,2023-08-24,Ankara,38.0,81.0,13.6,Cloudy,0.7
222,2024-04-03,Istanbul,22.9,59.0,14.7,Sunny,0.0
223,2024-09-16,Trabzon,,45.0,20.3,Cloudy,0.3
224,2024-12-13,Istanbul,9.0,61.0,11.0,Sunny,0.2
225,2022-02-04,Izmir,-4.4,85.0,8.5,Sunny,3.4
226,2023-08-16,Istanbul,9.3,58.0,10.0,Sunny,0.4
227,2023-01-31,Konya,22.8,77.0,7.6,Sunny,6.4
228,2023-05-17,İstanbul,5.3,68.0,15.2,Sunny,1.6
229,2024-05-06,Antalya,14.8,55.0,17.6,Sunny,0.8
230,2024-04-28,Adana,-11.2,56.0,3.9,Rain,2.0
231,2023-07-21,Bursa,18.4,56.0,17.2,Thunderstorm,2.3
232,2022-09-21,Istanbul,11.2,71.0,21.0,Rain,
233,2022-01-25,Izmir,26.4,57.0,17.1,Sunny,4.5
234,2023-10-19,Ankara,15.6,68.0,9.4,Sunny,1.7
235,2023-03-26,Ankara,10.7,60.0,12.4,Cloudy,6.0
236,2024-07-01,Ankara,28.9,68.0,21.1,Cloudy,4.1
237,2022-11-24,Adana,11.6,79.0,20.5,Sunny,2.5
238,2024-04-17,Ankra,10.4,66.0,16.6,Rain,0.3
239,2024-06-02,Istanbul,17.8,45.0,12.0,Cloudy,0.2
240,2023-11-21,Antalya,13.9,94.0,6.8,Sunny,
241,2022-12-04,Istanbul,21.2,64.0,9.5,,0.1
242,2022-08-02,Adana,26.1,76.0,30.8,Sunny,0.8
243,2023-04-01,Trabzon,18.5,60.0,29.2,Sunny,1.8
244,2024-06-09,Istanbul,14.5,90.0,,Cloudy,4.4
245,2024-12-10,Adana,28.6,73.0,14.9,Sunny,2.4
246,2024-04-02,Bursa,26.3,52.0,11.9,Sunny,7.2
247,2023-05-29,Konya,15.4,83.0,6.4,Cloudy,5.3
248,2022-10-07,Konya,11.5,78.0,8.6,Rain,3.6
249,2024-12-01,Izmir,19.8,54.0,17.1,Thunderstorm,4.2
250,2024-05-20,Bursa,8.1,88.0,7.7,Snow,2.5
251,2023-01-11,Ankara,8.8,82.0,7.9,Rain,0.6
252,2024-10-16,Istanbul,999.0,89.0,17.1,,4.5
253,2022-07-11,Konya,21.3,53.0,21.3,Rain,1.4
254,2024-04-30,Antalya,31.3,50.0,16.6,Sunny,0.3
255,2022-04-05,Konya,24.7,70.0,5.3,Rain,0.5
256,2023-12-27,Bursa,29.6,56.0,15.5,Fog,9.7
257,2024-05-28,Istanbul,8.2,68.0,4.7,Fog,0.9
258,2023-01-21,Antalya,21.2,70.0,0.1,Sunny,1.4
259,2022-10-29,Antalya,14.2,74.0,12.4,Sunny,-5.0
260,2022-02-16,Bursa,16.9,63.0,16.5,Snow,2.3
261,2024-09-18,Ankara,26.3,66.0,3.4,Thunderstorm,5.2
262,2022-03-16,istanbul,19.4,70.0,7.0,Cloudy,2.3
263,2024-03-10,Istanbul,18.1,54.0,29.4,Cloudy,1.2
264,2023-06-08,Ankara,15.6,84.0,,Sunny,0.7
265,2023-03-05,Konya,15.5,80.0,20.4,Cloudy,1.4
266,2024-03-10,Istanbul,18.1,54.0,29.4,Cloudy,1.2
267,2024-03-10,Istanbul,11.7,79.0,19.4,Rain,1.7
268,2024-01-10,Konya,3.8,73.0,5.1,Fog,0.1
269,2024-11-08,Bursa,17.6,53.0,6.0,Cloudy,1.5
270,2022-08-24,Trabzon,29.8,98.0,25.6,Rain,0.4
271,2023-06-25,Istanbul,12.9,55.0,21.0,Rain,0.1
272,2022-12-13,Trabzon,6.1,36.0,15.0,Sunny,7.3
273,2024-05-30,Izmir,19.3,65.0,7.4,Sunny,4.3
274,2022-01-22,Adana,19.6,55.0,8.5,Cloudy,3.3
275,2022-02-20,Istanbul,19.2,81.0,21.7,Cloudy,0.1
276,2022-03-24,Adana,21.3,65.0,10.5,Sunny,0.3
277,2024-03-16,ISTANBUL,6.8,73.0,30.6,Snow,0.1
278,2022-04-06,Konya,18.2,59.0,15.2,Sunny,0.3
279,2023-09-26,Antalya,34.0,89.0,10.4,Sunny,0.7
280,2024-03-24,Konya,14.6,42.0,27.0,Sunny,0.4
281,2023-02-02,Antalya,10.0,53.0,38.4,Sunny,0.4
282,2023-08-13,Trabzon,25.4,65.0,23.8,Sunny,5.3
283,2023-12-01,İstanbul,15.5,88.0,15.9,Snow,1.6
284,2024-06-06,Trabzon,2.5,50.0,6.6,Cloudy,4.4
285,2024-02-03,Antalya,8.0,62.0,23.7,Sunny,0.3
286,2023-09-26,Istanbul,29.7,94.0,0.8,Cloudy,0.2
287,2023-03-21,Izmir,27.1,62.0,16.2,Rain,1.6
288,2024-03-31,Antalya,10.4,72.0,14.6,Sunny,2.3
289,2022-07-22,Ankara,26.5,66.0,27.7,Sunny,5.3
290,2024-05-25,Ankara,6.0,62.0,37.2,Cloudy,2.8
291,2022-09-06,Istanbul,-0.2,49.0,17.3,Sunny,
292,2023-05-14,Antalya,15.5,82.0,11.3,Cloudy,2.1
293,2022-06-05,Bursa,20.1,76.0,33.0,Cloudy,0.4
294,2022-01-15,Antalya,6.8,,16.4,Snow,0.8
295,2024-11-22,Antalya,0.3,89.0,20.2,Cloudy,1.0
296,2022-05-26,Trabzon,22.4,93.0,7.7,Cloudy,2.1
297,2024-05-03,Istanbul,-0.9,64.0,29.1,Fog,2.4
298,2023-06-05,Izmir,25.3,50.0,12.2,Rain,0.0
299,2022-07-26,Izmir,18.7,49.0,11.6,Sunny,0.3
300,2022-07-11,Konya,21.3,53.0,21.3,Rain,1.4
301,2022-06-26,Izmir,32.6,72.0,,Sunny,3.0
302,2024-06-28,İstanbul,30.0,65.0,,Sunny,0.7
303,2023-08-02,Izmir,10.5,68.0,16.2,Snow,3.4
304,2023-10-01,Adana,16.8,58.0,28.1,Sunny,0.4
305,2023-09-16,Konya,9.1,59.0,14.5,Sunny,0.2
306,2024-08-29,Antalya,25.4,52.0,20.8,Cloudy,0.2
307,2023-01-20,Adana,19.0,57.0,20.3,Sunny,2.5
308,2022-06-06,Istanbul,22.9,,3.0,Sunny,3.6
309,2023-02-26,Antalya,6.5,84.0,4.5,Cloudy,0.5
310,2022-12-29,Istanbul,0.1,57.0,18.5,Fog,0.0
311,2024-10-13,Konya,31.9,61.0,18.9,Sunny,3.3
312,2024-11-05,Adana,16.1,53.0,18.7,Snow,0.2
313,2024-12-06,Izmir,25.5,68.0,13.7,Sunny,0.4
314,2024-08-03,İzmir,7.1,81.0,25.6,Fog,3.9
315,2022-08-13,Istanbul,22.4,64.0,25.8,Fog,1.0
316,2024-08-04,Izmir,4.7,76.0,13.0,Sunny,5.4
317,2024-04-23,Istanbul,25.5,65.0,39.7,Sunny,1.3
318,2024-06-16,Istanbul,9.1,88.0,7.1,Rain,1.6
319,2022-04-04,Trabzon,1.7,85.0,15.5,Cloudy,1.3
320,2022-01-05,Bursa,20.9,26.0,22.8,Cloudy,0.8
321,2024-07-24,Trabzon,16.0,44.0,26.8,Sunny,0.3
322,2024-08-30,Antalya,18.8,88.0,23.8,Cloudy,3.6
323,2024-04-20,Izmir,-7.2,36.0,3.2,Cloudy,0.3
324,2022-10-23,Konya,18.3,64.0,7.6,Cloudy,2.8
325,2022-12-05,Istanbul,6.4,66.0,19.9,Cloudy,0.2
326,2024-09-22,Istanbul,7.7,77.0,6.8,Cloudy,0.1
327,2024-11-04,Istanbul,-3.8,51.0,11.7,Sunny,0.9
328,2023-11-13,Konya,23.3,55.0,8.8,Sunny,2.7
329,2022-09-27,Izmir,30.7,54.0,12.0,Sunny,3.6
330,2024-03-12,Trabzon,14.0,99.0,23.5,Sunny,10.4
331,2023-08-28,Antalya,16.6,47.0,18.6,Sunny,1.4
332,2023-01-05,Ankara,23.1,26.0,18.6,Snow,5.1
333,2022-02-20,İzmir,16.1,65.0,25.3,Cloudy,1.2
334,2024-02-15,Izmir,4.3,73.0,19.5,Sunny,3.1
335,2024-04-07,Konya,-2.9,47.0,25.3,Sunny,5.0
336,2023-06-10,Izmir,10.3,61.0,30.6,Sunny,
337,2022-06-14,Antalya,16.1,92.0,22.3,Sunny,0.2
338,2024-01-20,Istanbul,8.4,62.0,11.7,Cloudy,0.9
339,2022-03-04,Bursa,16.7,61.0,4.2,Sunny,4.4
340,2023-11-16,Antalya,9.9,67.0,27.6,Sunny,4.0
341,2024-11-18,Antalya,13.3,68.0,8.9,Sunny,5.2
342,2024-05-10,Konya,5.1,24.0,6.5,Sunny,1.3
343,2023-07-13,Adana,27.5,61.0,13.0,Sunny,3.1
344,2024-04-12,Izmir,-9.9,64.0,12.3,Rain,1.2
345,2024-12-17,Izmir,11.8,96.0,3.7,Sunny,1.0
346,2024-12-12,Antalya,19.1,,11.8,,0.5
347,2023-03-31,Bursa,9.5,,20.4,Sunny,1.3
348,2022-01-01,Trabzon,13.3,64.0,,Cloudy,0.5
349,2024-06-01,Adana,-10.9,,8.6,Cloudy,1.1
350,2022-02-25,Izmir,24.5,49.0,11.8,Sunny,2.1
351,2024-07-03,Bursa,6.0,50.0,3.0,Snow,0.4
352,2022-11-10,Antalya,11.3,88.0,24.1,Cloudy,1.3
353,2023-05-12,Adana,5.6,67.0,12.0,Cloudy,0.4
354,2024-06-29,Istanbul,23.5,36.0,13.2,Fog,6.4
355,2023-06-02,Izmir,23.8,57.0,4.7,Cloudy,2.3
356,2024-09-07,Istanbul,8.3,50.0,15.1,Snow,0.1
357,2022-07-17,Trabzon,22.3,60.0,12.1,Rain,3.3
358,2023-06-16,Istanbul,25.6,74.0,14.4,Cloudy,1.4
359,2022-02-12,Adana,8.3,52.0,18.0,Fog,0.6
360,2022-03-10,Istanbul,20.2,57.0,28.0,Cloudy,1.1
361,2023-10-28,Istanbul,999.0,87.0,23.7,Sunny,2.4
362,2022-03-16,Bursa,3.1,73.0,13.7,Cloudy,0.2
363,2022-01-08,Trabzon,30.7,59.0,19.1,Rain,0.4
364,2022-05-06,Adana,12.6,72.0,14.4,Cloudy,2.9
365,2024-11-26,Antalya,6.2,55.0,18.4,Cloudy,0.8
366,2024-11-12,İzmir,11.9,63.0,18.5,Sunny,0.0
367,2023-07-01,Konya,14.2,76.0,22.7,Sunny,2.4
368,2023-04-05,Trabzon,-2.0,60.0,22.3,Fog,0.3
369,2022-12-22,Trabzon,17.1,59.0,25.5,Sunny,1.8
370,2024-11-22,Bursa,6.6,62.0,18.9,Fog,1.1
371,2024-01-13,İstanbul,2.2,87.0,9.0,Sunny,0.8
372,2024-04-02,Adana,13.1,62.0,2.0,Cloudy,1.0
373,2022-04-06,Konya,18.2,59.0,15.2,Sunny,0.3
374,2023-06-05,Antalya,19.7,67.0,2.7,Sunny,0.9
375,2023-05-26,Izmir,11.1,50.0,6.7,Cloudy,0.6
376,2022-02-27,Izmir,7.4,68.0,0.0,Sunny,0.1
377,2023-05-20,İstanbul,18.9,56.0,,Sunny,3.0
378,2023-09-25,Ankara,35.2,73.0,19.0,Cloudy,
379,2024-10-12,Istanbul,3.1,39.0,5.2,Thunderstorm,2.1
380,2024-01-24,Adana,14.5,53.0,14.9,Thunderstorm,1.3
381,2022-09-27,Ankara,13.5,81.0,8.1,Rain,1.5
382,2023-12-28,Trabzon,15.7,,16.7,Sunny,3.2
383,2022-04-09,Istanbul,,56.0,9.9,Sunny,1.0
384,2022-04-19,Izmir,-4.2,74.0,26.0,Sunny,1.3
385,2023-10-24,Bursa,4.9,39.0,17.6,Sunny,3.3
386,2024-02-16,Konya,12.3,70.0,19.1,Sunny,0.3
387,2022-07-20,Antalya,13.6,44.0,28.3,Sunny,1.4
388,2024-11-26,Istanbul,18.4,68.0,19.8,Thunderstorm,0.6
389,2023-10-20,Izmir,20.4,77.0,13.8,Rain,0.7
390,2022-08-05,Antalya,19.5,64.0,3.7,Cloudy,1.5
391,2024-01-20,İstanbul,12.8,40.0,16.4,Sunny,3.9
392,2022-01-10,Konya,16.8,100.0,12.8,Sunny,1.6
393,2022-05-08,Istanbul,7.2,57.0,15.3,Snow,
394,2023-10-26,Istanbul,2.2,76.0,0.5,Cloudy,3.2
395,2024-10-06,Antalya,20.9,66.0,20.0,Snow,0.4
396,2024-02-03,Bursa,17.8,56.0,3.4,Sunny,2.0
397,2023-04-30,Istanbul,7.0,53.0,8.3,,0.4
398,2022-12-12,Trabzon,12.6,54.0,14.0,Rain,0.5
399,2022-04-06,Izmir,23.9,59.0,9.9,Rain,0.8
400,2024-08-08,Antalya,25.8,70.0,10.7,Cloudy,6.0
401,2023-03-29,Trabzon,11.4,66.0,14.9,,7.0
402,2022-06-15,Konya,1.5,52.0,12.1,Sunny,0.5
403,2024-11-29,Ankara,9.7,73.0,7.2,,1.6
404,2024-12-28,Adana,9.8,53.0,22.2,Sunny,0.2
405,2023-12-28,Bursa,0.5,63.0,13.0,Sunny,0.1
406,2024-04-02,Adana,2.1,46.0,13.7,Sunny,0.1
407,2023-09-16,Adana,22.8,83.0,21.2,Fog,2.4
408,2022-10-04,Adana,5.9,50.0,7.6,Sunny,0.1
409,2023-01-15,Bursa,13.4,78.0,34.2,Sunny,2.9
410,2022-10-16,Ankara,1.6,64.0,26.1,Sunny,1.8
411,2023-03-23,Bursa,16.4,64.0,14.5,Fog,2.5
412,2023-12-16,Bursa,28.9,93.0,16.3,Sunny,0.6
413,2024-10-03,Adana,24.4,,18.1,Sunny,1.5
414,2023-12-10,Adana,-5.7,89.0,23.5,Sunny,5.3
415,2022-05-15,Konya,13.0,43.0,5.0,Sunny,0.7
416,2024-02-08,Trabzon,10.0,70.0,,Sunny,-5.0
417,2023-06-22,Trabzon,38.6,46.0,23.5,Fog,0.6
418,2024-03-16,Istanbul,12.3,49.0,29.4,Sunny,0.4
419,2022-05-27,Trabzon,19.5,65.0,4.4,Cloudy,2.1
420,2024-05-21,Izmir,1.5,89.0,4.0,Cloudy,3.8
421,2024-10-25,Konya,,70.0,10.2,Sunny,4.1
422,2024-08-12,Ankara,22.7,66.0,19.9,Sunny,0.5
423,2023-03-28,Konya,3.5,79.0,16.4,Sunny,0.0
424,2024-06-14,Konya,16.4,66.0,14.7,Cloudy,2.8
425,2023-05-24,Bursa,,82.0,28.4,Sunny,1.5
426,2023-09-26,Istanbul,3.4,45.0,22.1,Snow,4.2
427,2023-03-14,Antalya,39.7,61.0,13.9,Sunny,0.1
428,2024-05-08,Trabzon,7.8,51.0,2.0,Sunny,2.3
429,2022-04-05,Antalya,39.1,52.0,1.9,Cloudy,3.0
430,2022-05-20,Trabzon,-14.2,68.0,15.0,Rain,0.6
431,2024-03-16,Ankara,13.3,70.0,15.3,Sunny,0.7
432,2023-02-02,Izmir,35.4,68.0,20.6,Fog,2.1
433,2024-12-28,Ankara,17.6,76.0,16.7,Sunny,11.1
434,2023-06-27,Izmir,,,17.1,Cloudy,0.3
435,2022-08-25,Bursa,16.1,50.0,12.2,Rain,0.3
436,2022-08-08,Trabzon,26.4,85.0,6.9,Cloudy,0.9
437,2024-12-13,Adana,23.4,94.0,2.9,Sunny,1.6
438,2023-05-27,Konya,9.2,64.0,26.1,Sunny,1.4
439,2022-08-24,Trabzon,9.3,35.0,0.4,Fog,3.1
440,2022-08-05,Bursa ,6.0,44.0,2.5,Cloudy,3.4
441,2023-06-09,Bursa,11.9,64.0,15.3,Sunny,4.0
442,2023-06-01,Konya,33.8,47.0,21.5,Thunderstorm,1.1
443,2024-02-24,Istanbul,29.8,53.0,15.0,Cloudy,2.6
444,2024-10-28,Istanbul,18.3,76.0,14.6,Cloudy,0.3
445,2024-08-05,Izmir,15.3,60.0,16.1,Sunny,3.3
446,2022-09-18,Konya,14.7,85.0,9.3,Snow,1.3
447,2024-05-13,Trabzon,2.9,150.0,8.0,Sunny,1.4
448,2024-01-16,Antalya,,62.0,0.3,Cloudy,2.5
449,2024-02-10,Bursa,25.0,,3.5,Sunny,9.9
450,2022-08-18,Ankara,3.0,94.0,24.1,Sunny,1.3
451,2024-12-12,Istanbul,20.8,54.0,35.0,Fog,2.0
452,2023-10-09,Adana,20.3,75.0,7.2,Sunny,1.1
453,2024-04-03,Trabzon,4.5,94.0,14.3,Sunny,0.8
454,2024-02-23,Antalya,13.6,68.0,11.0,Cloudy,0.8
455,2022-10-29,Konya,11.3,50.0,12.6,Fog,2.7
456,2023-10-16,Istanbul,9.2,54.0,4.9,Sunny,5.4
457,2022-02-16,Izmir,0.2,69.0,11.9,Sunny,1.0
458,2023-01-08,Ankara,37.2,55.0,0.4,Sunny,0.2
459,2022-11-09,Izmir,24.8,77.0,20.0,Sunny,3.7
460,2022-03-02,Antalya,28.5,79.0,9.6,Sunny,2.6
461,2024-10-17,Trabzon,27.6,67.0,11.9,Cloudy,0.7
462,2024-01-24,Konya,8.8,80.0,6.8,Cloudy,0.2
463,2022-08-21,Ankara,24.0,52.0,25.2,Fog,2.3
464,2024-02-01,Trabzon,-6.2,95.0,18.9,Cloudy,0.2
465,2023-02-11,Izmir,17.2,70.0,9.1,Cloudy,1.8
466,2023-07-20,İzmir,12.8,69.0,19.9,Sunny,0.5
467,2022-12-16,İzmir,-1.9,78.0,15.5,Sunny,1.1
468,2023-05-28,Istanbul,1.2,90.0,11.2,Sunny,1.1
469,2024-12-08,Adana,21.0,60.0,28.9,Sunny,0.2
470,2023-10-03,Konya,21.7,64.0,21.4,Rain,1.0
471,2023-10-05,Adana,30.8,33.0,,Cloudy,0.5
472,2022-10-23,Antalya,26.6,69.0,23.5,Cloudy,3.2
473,2023-05-25,Adana,14.0,27.0,21.1,Cloudy,
474,2022-07-13,Adana,15.9,58.0,16.9,Rain,2.4
475,2023-03-01,Antalya,0.4,46.0,12.3,Snow,1.9
476,2022-12-12,Istanbul,,53.0,24.0,Sunny,0.0
477,2022-04-01,Izmir,16.4,52.0,11.4,Sunny,3.9
478,2024-08-09,Bursa,36.1,76.0,17.7,Sunny,2.9
479,2023-11-21,Ankara,9.2,74.0,14.8,Sunny,6.5
480,2024-07-18,İzmir,26.2,59.0,13.2,Snow,3.9
481,2024-03-25,Konya,5.0,48.0,29.4,Rain,0.1
482,2022-01-04,Konya,29.2,83.0,12.3,,0.6
483,2023-04-30,İzmir,30.8,40.0,11.6,Sunny,1.2
484,2022-05-21,Ankara,17.6,72.0,20.7,Sunny,0.7
485,2022-05-19,Adana,8.5,69.0,18.2,Sunny,1.6
486,2022-10-06,Antalya,,68.0,14.9,Sunny,4.7
487,2024-10-05,Antalya,9.4,71.0,36.4,Sunny,0.8
488,2023-12-15,Adana,11.8,64.0,21.6,Sunny,6.2
489,2023-12-13,Istanbul,,61.0,4.7,Sunny,4.4
490,2023-07-17,Trabzon,17.0,91.0,0.7,Sunny,4.0
491,2023-12-31,Istanbul,-4.5,70.0,23.0,Sunny,2.2
492,2023-06-24,Izmir,4.9,49.0,9.0,Cloudy,0.3
493,2022-08-30,Istanbul,16.4,65.0,11.1,Sunny,0.4
494,2024-02-06,Istanbul,14.3,82.0,17.8,Sunny,2.8
495,2022-07-15,Adana,16.3,74.0,27.8,Sunny,2.5
496,2023-10-04,Trabzon,,63.0,17.5,Fog,2.9
497,2024-08-12,Trabzon,20.3,84.0,9.3,Sunny,2.2
498,2024-01-18,Istanbul,22.6,85.0,21.2,Thunderstorm,11.2
499,2022-01-18,Adana,-0.2,56.0,22.8,Snow,0.7
500,2024-01-29,Antalya,7.5,82.0,9.9,Cloudy,4.6
501,2024-11-15,Antalya,21.8,78.0,27.2,Sunny,0.5
502,2023-09-09, Adana,2.3,78.0,7.0,Rain,0.7
503,2023-12-04,Istanbul,16.3,76.0,24.9,Fog,0.2
504,2023-11-30,Ankara,6.8,51.0,27.3,Sunny,0.4
505,2023-10-28,Ankara,-8.6,75.0,19.0,Cloudy,4.4
506,2023-06-06,Istanbul,16.3,75.0,18.3,Sunny,0.0
507,2023-08-02,Istanbul,10.8,51.0,12.3,Sunny,1.6
508,2023-04-02,Izmir,35.3,72.0,14.9,Fog,0.1
509,2022-05-23,Ankara,19.5,49.0,1.3,Rain,0.2
510,2022-06-26,Adana,,76.0,10.7,Rain,0.8
511,2023-08-11,Istanbul,-7.0,38.0,2.3,Cloudy,1.2
512,2023-09-01,Ankara,16.1,54.0,7.1,Fog,4.2
513,2023-02-04,Trabzon,23.5,88.0,27.4,Cloudy,0.0
514,2023-07-17,Trabzon,2.3,58.0,15.9,Rain,4.2
515,2023-04-19,Izmir,14.3,68.0,12.5,Sunny,0.2
516,2024-02-09,Istanbul,22.8,38.0,12.0,Snow,1.9
517,2024-01-05,Konya,15.0,,14.9,Sunny,1.7
518,2024-04-11,Antalya,10.9,54.0,16.8,Rain,1.7
519,2024-10-17,Konya,17.6,66.0,17.0,Sunny,2.6
520,2024-06-15,Antalya,9.3,85.0,28.2,Rain,1.2
521,2023-07-08,Bursa,33.8,41.0,0.5,Cloudy,2.0
522,2022-02-28,Istanbul,0.9,67.0,5.8,Cloudy,3.3
523,2023-05-17,Antalya,11.8,62.0,16.4,Rain,2.2
524,2023-02-08,Istanbul,,49.0,23.9,Cloudy,2.1
525,2022-01-15,Ankra,14.5,79.0,2.0,Fog,2.5
526,2023-02-22,Istanbul,14.8,49.0,24.1,,2.1
527,2024-11-28,Izmir,19.5,62.0,11.4,Sunny,0.5
528,2023-07-04,Izmir,12.8,82.0,22.3,Cloudy,0.6
529,2022-09-06,Istanbul,15.6,79.0,16.2,Cloudy,1.4
530,2022-04-15,Adana,8.4,42.0,11.9,Cloudy,
531,2022-03-31,Antalya,4.2,75.0,7.7,Snow,1.2
532,2024-11-25,Bursa,1.4,86.0,,Sunny,0.0
533,2024-12-02,Bursa,-1.1,68.0,5.9,Cloudy,0.4
534,2022-01-14,Bursa,10.1,76.0,7.4,Thunderstorm,
535,2023-04-02,Antalya,17.2,70.0,28.6,Sunny,0.8
536,2024-03-25,Istanbul,34.3,33.0,10.6,Sunny,1.3
537,2024-09-08,Konya,3.9,91.0,10.9,Sunny,4.0
538,2024-03-02,Adana,15.0,27.0,12.5,Rain,0.1
539,2023-08-01,Ankara,27.7,71.0,,Rain,1.5
540,2023-04-12,Istanbul,15.8,87.0,15.4,Fog,0.1
541,2022-08-16,Bursa,17.3,59.0,23.8,Sunny,0.7
542,2023-05-31,Bursa,0.6,72.0,14.3,Rain,0.7
543,2022-05-12,Adana,11.8,75.0,6.2,Rain,3.6
544,2023-12-19,Konya,14.5,63.0,19.0,Sunny,1.3
545,2022-01-28,Izmir,25.5,44.0,23.8,Cloudy,2.8
546,2023-05-03,Istanbul,28.1,68.0,6.4,Cloudy,2.7
547,2023-10-30,Istanbul,19.3,52.0,16.2,Fog,2.7
548,2024-02-17,Antalya,13.7,36.0,14.7,Rain,2.7
549,2024-10-17,Istanbul,10.3,61.0,12.5,Thunderstorm,2.6
550,2023-06-30,Ankara,27.4,71.0,0.6,Cloudy,1.3
551,2022-08-06,Konya,12.3,70.0,18.3,Rain,0.5
552,2023-02-24,Istanbul,16.1,35.0,13.7,Cloudy,2.3
553,2024-07-07,İzmir,21.2,66.0,24.8,Cloudy,1.5
554,2022-01-18,Antalya,24.1,87.0,7.5,Rain,4.5
555,2023-05-03,Adana,13.0,73.0,7.3,Sunny,2.8
556,2024-04-15,Izmir,7.3,61.0,19.2,Fog,0.1
557,2025-01-03,Izmir,21.6,67.0,3.9,Cloudy,1.8
558,2024-01-06,Trabzon,6.5,69.0,17.2,Snow,3.1
559,2024-05-01,Bursa,16.0,88.0,10.1,Snow,1.6
560,2022-02-16,Trabzon,12.9,61.0,5.6,Sunny,0.0
561,2024-06-16,Trabzon,14.5,50.0,6.0,Cloudy,1.7
562,2023-07-28,Antalya,16.3,85.0,13.4,Sunny,3.5
563,2024-01-22,Trabzon,20.6,80.0,17.1,,0.1
564,2023-04-19,Adana,19.0,49.0,11.9,Rain,1.5
565,2023-10-23,Trabzon,0.6,50.0,,Sunny,1.0
566,2023-10-07,Istanbul,23.6,78.0,30.0,Sunny,0.0
567,2022-02-03,Bursa ,1.8,71.0,19.7,Sunny,6.5
568,2022-12-26,Ankara,10.6,78.0,15.1,Snow,1.7
569,2024-12-15,İzmir,22.7,49.0,1.7,Rain,0.2
570,2022-01-05,Izmr,30.0,41.0,9.4,Fog,1.4
571,2024-04-10,Istanbul,8.0,58.0,20.4,Sunny,1.5
572,2023-06-26,Ankara,2.9,59.0,16.2,Cloudy,
573,2022-08-23,Ankara,21.7,54.0,19.7,Sunny,4.9
574,2024-01-29,Bursa,24.6,44.0,22.2,Fog,3.3
575,2023-11-20,Istanbul,13.6,59.0,22.4,,3.8
576,2024-07-17,Konya,24.4,73.0,11.5,Cloudy,2.9
577,2023-11-22,Konya,22.4,44.0,33.8,Cloudy,5.0
578,2023-04-16,Istanbul,29.8,75.0,4.7,Fog,8.0
579,2022-05-28,Adana,1.2,61.0,13.1,Sunny,2.6
580,2023-01-31,Ankara,13.9,59.0,18.7,Cloudy,0.4
581,2022-08-27,Antalya,15.0,46.0,15.5,Sunny,0.1
582,2022-04-09,Bursa,14.8,44.0,7.7,Sunny,
583,2023-10-08,Bursa,3.6,96.0,3.8,Sunny,0.2
584,2024-03-05,Izmir,13.3,64.0,22.3,Cloudy,0.9
585,2022-10-12,Istanbul,6.0,68.0,20.3,Sunny,8.3
586,2022-09-11,Trabzon,4.9,85.0,8.4,Sunny,6.9
587,2023-11-28,Bursa,7.0,53.0,2.1,Sunny,12.7
588,2023-10-16,Bursa,31.7,35.0,12.3,Cloudy,
589,2024-01-25,Adana,7.2,53.0,13.9,Sunny,1.9
590,2024-08-16,Istanbul,5.4,58.0,13.5,Cloudy,1.1
591,2022-07-17,Adana,18.1,39.0,11.4,Sunny,1.7
592,2023-11-16,Bursa,4.0,71.0,26.8,Sunny,1.3
593,2024-03-26,Izmir,7.8,76.0,28.5,Sunny,1.0
594,2023-02-09,Adana,16.6,61.0,7.1,Sunny,1.3
595,2024-01-31,Izmir,6.4,57.0,20.2,Cloudy,0.7
596,2024-12-31,Ankara,14.0,48.0,8.1,Snow,0.2
597,2022-10-11,İstanbul,23.5,55.0,12.7,Fog,3.2
598,2023-02-02,Antalya,35.8,64.0,16.5,Sunny,2.0
599,2023-11-15,Trabzon,14.9,67.0,13.5,Cloudy,2.7
600,2024-08-24,Istanbul,28.0,64.0,21.2,Sunny,2.6
601,2022-09-27,Izmir,30.7,54.0,12.0,Sunny,3.6
602,2023-11-29,Trabzon,,67.0,9.8,Fog,4.5
603,2023-11-18,Konya,31.7,70.0,,Fog,3.0
604,2023-10-02,Istanbul,20.3,58.0,11.0,Sunny,0.4
605,2024-03-12,Antalya,17.3,59.0,0.5,Rain,2.4
606,2023-12-15,Istanbul,27.7,22.0,15.1,Cloudy,1.9
607,2022-01-13,Bursa,5.3,49.0,,Sunny,2.8
608,2023-05-09,Antalya,11.8,79.0,12.3,Sunny,1.2
609,2022-02-07,Konya,16.5,46.0,20.2,Cloudy,0.8
610,2024-01-18,Izmir,1.7,57.0,13.4,Cloudy,0.0
611,2023-10-22,Bursa,9.0,74.0,,Thunderstorm,1.0
612,2023-07-29,Ankara,22.6,49.0,19.3,Sunny,3.5
613,2023-04-14,Ankara,29.0,66.0,11.3,Sunny,1.1
614,2023-02-17,Bursa,10.1,100.0,5.6,Sunny,1.4
615,2022-06-26,Trabzon,19.6,61.0,14.3,Sunny,6.8
616,2024-12-17,Bursa,18.2,73.0,3.5,Rain,1.5
617,2023-05-18,Konya,11.3,65.0,11.5,Sunny,0.6
618,2024-11-12,Adana,20.4,100.0,0.7,Sunny,5.7
619,2024-12-07,Adana,25.0,75.0,19.3,Sunny,1.0
620,2024-03-11,Istanbul,16.5,81.0,16.3,Cloudy,1.7
621,2024-02-29,Antalya,13.6,57.0,2.6,Cloudy,0.8
622,2022-09-22,Izmir,26.4,60.0,0.3,Sunny,1.3
623,2022-11-20,Ankara,17.3,85.0,,Cloudy,2.4
624,2022-05-06,Konya,5.7,62.0,20.0,Cloudy,0.9
625,2023-07-18,Izmir,5.8,60.0,8.7,Cloudy,0.8
626,2022-10-21,Istanbul,2.4,71.0,16.5,Snow,2.2
627,2022-07-10,Bursa,18.9,36.0,16.9,Sunny,2.5
628,2024-06-10,Trabzon,6.1,75.0,16.2,Sunny,1.1
629,2023-08-24,Bursa,16.6,67.0,6.8,Rain,0.6
630,2024-02-06,Antalya,6.6,77.0,8.9,Rain,0.5
631,2023-03-18,Istanbul,27.7,59.0,0.6,Sunny,3.0
632,2023-05-31,Adana,17.1,77.0,20.3,Rain,1.8
633,2024-07-23,Adana,24.6,69.0,23.1,Cloudy,2.7
634,2023-03-25,Trabzon,11.7,61.0,8.1,Sunny,0.5
635,2024-06-30,Istanbul,17.3,89.0,0.9,Cloudy,2.6
636,2022-03-16,Adana,29.8,74.0,14.5,Fog,1.8
637,2023-05-12,Istanbul,11.4,89.0,7.2,Cloudy,0.2
638,2022-11-09,Izmir,32.1,50.0,20.1,Rain,0.1
639,2024-10-25,Istanbul,,43.0,14.4,Cloudy,1.8
640,2024-05-14,Adana,15.1,81.0,10.1,Rain,0.5
641,2024-09-04,Trabzon,2.6,55.0,1.2,Sunny,1.9
642,2022-09-01,Izmir,6.8,28.0,6.5,Sunny,
643,2022-05-24,Adana,16.3,93.0,13.2,Fog,3.8
644,2024-04-28,Istanbul,10.0,73.0,21.6,Rain,0.3
645,2023-07-04,Trabzon,21.8,56.0,23.6,Cloudy,
646,2024-10-05,Trabzon,18.4,70.0,17.9,Cloudy,1.3
647,2023-01-14,Istanbul,,56.0,21.5,Cloudy,2.5
648,2023-07-15,Izmir,22.6,72.0,,,2.2
649,2023-07-24,Antalya,3.8,70.0,18.3,Cloudy,0.6
650,2022-07-07,Adana,9.4,52.0,0.5,Cloudy,6.6
651,2024-12-05,Adana,4.7,61.0,13.9,Rain,0.3
652,2022-05-18,Konya,33.8,79.0,11.4,Sunny,0.2
653,2022-08-17,Bursa,-4.3,84.0,21.4,Rain,0.0
654,2024-03-24,Istanbul,15.0,58.0,8.4,Sunny,0.0
655,2023-10-26,Trabzon,-1.6,70.0,9.1,Rain,0.3
656,2024-06-17,Izmir,4.1,,28.1,Cloudy,2.4
657,2022-04-23,Ankara,10.2,69.0,4.1,Thunderstorm,7.1
658,2024-10-09,Izmir,3.8,78.0,26.9,Sunny,5.5
659,2024-09-09,Istanbul,5.6,69.0,14.1,Cloudy,0.2
660,2024-12-31,Bursa,,59.0,9.3,Cloudy,0.1
661,2023-06-10,Adana,17.9,97.0,8.8,Rain,
662,2022-08-12,Izmir,16.1,67.0,5.9,Rain,0.9
663,2022-06-15,Konya,1.5,52.0,12.1,Sunny,0.5
664,2024-02-13,Istanbul,8.3,66.0,14.0,Cloudy,1.0
665,2024-02-06,Bursa,23.1,79.0,2.5,,1.1
666,2022-02-06,Antalya,21.3,65.0,,Cloudy,0.6
667,2023-02-07,Bursa,19.2,81.0,23.7,Sunny,4.0
668,2023-12-30,Izmir,12.1,79.0,18.1,,6.5
669,2023-02-06,Istanbul,5.8,87.0,16.3,Sunny,1.1
670,2023-09-05,Ankara,45.0,60.0,15.4,Fog,0.1
671,2024-10-16,İstanbul,2.1,51.0,15.4,Fog,2.1
672,2023-05-15,İzmir,37.4,62.0,13.0,Sunny,0.0
673,2023-12-11,Trabzon,23.6,59.0,5.4,,2.3
674,2023-06-18,Bursa,17.5,51.0,4.8,Cloudy,3.3
675,2023-03-21,Ankara,4.8,57.0,20.5,Cloudy,0.3
676,2024-07-24,Istanbul,6.9,,4.5,Sunny,0.5
677,2024-08-14,Izmr,13.5,,11.9,,0.0
678,2024-06-27,Antalya,21.9,76.0,16.9,Sunny,4.3
679,2022-06-26,Izmir,32.6,72.0,,Sunny,3.0
680,2024-11-28,Istanbul,14.2,,14.4,Fog,0.5
681,2024-07-27,Istanbul,35.5,61.0,18.1,Cloudy,0.9
682,2024-12-12,Trabzon,18.7,59.0,13.4,Sunny,0.9
683,2022-11-12,Ankara,18.3,70.0,8.1,Cloudy,0.6
684,2024-09-23,Istanbul,5.0,69.0,,Sunny,2.2
685,2022-12-29,Istanbul,2.2,66.0,7.1,Sunny,0.7
686,2023-12-15,Antalya,20.7,82.0,12.9,Rain,2.2
687,2023-10-25,Adana,11.4,53.0,20.9,Cloudy,2.8
688,2023-11-30,Konya,7.1,61.0,16.8,Snow,3.9
689,2024-06-01,Izmir,16.9,55.0,24.0,Sunny,3.5
690,2023-02-22,Ankara,8.7,60.0,17.4,Cloudy,4.5
691,2024-12-01,Izmir,19.8,54.0,17.1,Thunderstorm,4.2
692,2023-07-29,Istanbul,36.1,72.0,20.8,Fog,
693,2024-05-27,Antalya,18.9,76.0,14.3,Cloudy,4.7
694,2024-12-01,Adana,41.7,68.0,23.3,Fog,0.6
695,2022-07-09,Bursa,24.6,49.0,14.7,Sunny,2.2
696,2023-02-01,Istanbul,14.6,62.0,16.8,Rain,2.7
697,2023-05-04,Bursa,34.4,39.0,18.5,Sunny,0.3
698,2024-05-26,Istanbul,25.6,54.0,20.0,Fog,1.6
699,2022-09-03,Istanbul,2.1,46.0,10.0,Sunny,0.0
700,2024-10-05,Izmir,16.7,78.0,9.1,Cloudy,2.0
701,2023-05-19,Bursa,6.4,78.0,12.1,Sunny,4.3
702,2023-06-09,Adana,12.4,39.0,9.4,Fog,0.2
703,2023-11-15,Istanbul,15.3,53.0,13.2,Rain,0.2
704,2023-07-20,İzmir,13.3,62.0,15.3,Rain,0.4
705,2024-06-18,Bursa,16.7,,25.0,Cloudy,3.7
706,2023-02-12,Konya,17.9,88.0,30.1,Sunny,1.2
707,2023-07-06,Konya,29.5,45.0,11.2,Thunderstorm,5.1
708,2024-09-23,Istanbul,15.8,50.0,21.5,Rain,0.8
709,2022-09-10,Istanbul,22.3,90.0,23.4,Rain,0.0
710,2022-09-20,Ankara,19.7,69.0,23.9,Sunny,1.8
711,2022-07-24,Adana,26.5,66.0,18.3,Rain,0.4
712,2024-09-29,Bursa,3.0,81.0,15.6,Sunny,1.0
713,2023-06-21,Istanbul,20.6,54.0,12.5,Sunny,3.6
714,2023-09-08,Ankara,29.6,54.0,4.2,Thunderstorm,6.5
715,2024-12-08,Istanbul,9.9,77.0,24.0,Sunny,3.4
716,2022-08-14,Antalya,9.4,83.0,15.9,Cloudy,0.9
717,2023-03-19,Antalya,1.2,82.0,9.4,Sunny,0.6
718,2024-03-01,Trabzon,27.8,60.0,19.5,Cloudy,
719,2022-08-04,Izmir,8.5,81.0,14.9,Cloudy,2.7
720,2022-01-29,Antalya,22.2,75.0,21.0,Cloudy,0.2
721,2024-01-09,Izmir,28.2,100.0,25.0,Rain,4.9
722,2022-10-30,Adana,25.9,64.0,20.5,Snow,1.2
723,2022-03-30,Istanbul,13.5,81.0,17.4,Cloudy,3.0
724,2024-05-25,Izmir,6.3,55.0,16.1,Sunny,6.9
725,2024-01-22,Konya,6.6,67.0,14.7,Sunny,0.4
726,2023-04-09,Adana,16.6,59.0,9.9,Cloudy,2.1
727,2022-01-02,Adana,24.4,72.0,8.7,Sunny,2.9
728,2022-06-02,Bursa,14.5,,21.3,Sunny,1.1
729,2024-11-01,Istanbul,21.0,46.0,22.1,Thunderstorm,5.2
730,2022-01-02,Trabzon,,63.0,0.5,Sunny,0.3
731,2024-01-11,Adana,28.3,84.0,16.7,Sunny,1.2
732,2024-11-15,Adana,16.8,67.0,9.9,Snow,4.0
733,2022-11-25,Ankara,28.4,29.0,22.5,Rain,0.8
734,2022-02-01,Trabzon,26.7,55.0,11.8,Snow,0.8
735,2024-10-04,İzmir,10.0,52.0,1.1,Sunny,0.7
736,2022-04-27,Bursa,16.2,41.0,13.0,Cloudy,1.5
737,2024-08-26,Konya,16.7,74.0,20.4,Rain,0.2
738,2024-02-08,Ankara,27.2,62.0,6.2,Sunny,0.6
739,2022-04-28,Antalya,5.1,84.0,12.0,Sunny,0.2
740,2023-08-16,Trabzon,-7.8,70.0,7.8,Rain,2.2
741,2024-03-04,Konya,15.0,98.0,21.8,Sunny,1.2
742,2022-03-27,Trabzon,25.5,75.0,12.4,Thunderstorm,3.7
743,2024-04-10,Ankara,-2.2,74.0,1.9,Sunny,0.4
744,2023-01-06,Trabzon,2.1,50.0,17.0,Sunny,0.9
745,2022-01-27,Bursa,16.1,76.0,14.0,Sunny,3.3
746,2022-01-06,Trabzon,10.3,70.0,19.0,Sunny,2.6
747,2022-04-14,Konya,5.6,71.0,0.5,Cloudy,1.6
748,2023-12-25,Izmir,24.0,57.0,11.4,Cloudy,6.1
749,2024-08-18,İzmir,23.4,87.0,16.2,Cloudy,2.0
750,2024-05-03,Antalya,12.1,68.0,17.0,Sunny,0.3
751,2024-01-03,Adana,12.8,,8.3,Cloudy,0.2
752,2023-12-08,Antalya,27.7,87.0,36.4,Cloudy,3.3
753,2023-02-06,Istanbul,10.1,51.0,1.9,Sunny,0.1
754,2024-04-15,Konya,14.1,59.0,17.8,,4.0
755,2024-10-18,Izmir,7.2,91.0,20.5,Sunny,0.7
756,2023-12-22,İstanbul,4.1,93.0,8.0,Snow,1.2
757,2023-07-04,Izmir,12.8,82.0,22.3,Cloudy,0.6
758,2023-06-10,Izmir,6.6,58.0,28.5,Sunny,1.6
759,2022-06-30,Trabzon,21.3,67.0,13.1,Sunny,0.6
760,2024-08-28,Istanbul,10.2,61.0,25.5,Cloudy,8.2
761,2023-04-01,Istanbul,8.0,60.0,0.9,Sunny,4.4
762,2022-12-31,Antalya,31.2,59.0,14.3,Cloudy,4.4
763,2024-11-28,Istanbul,-11.3,74.0,10.6,Cloudy,0.0
764,2024-08-13,Adana,5.5,76.0,27.8,Rain,0.9
765,2024-05-13,Istanbul,16.1,43.0,11.8,Sunny,2.6
766,2024-09-02,Istanbul,20.1,64.0,7.9,Sunny,
767,2024-08-14,Ankara,20.0,65.0,23.9,Rain,0.2
768,2022-04-21,Istanbul,18.1,58.0,10.6,Sunny,2.3
769,2024-02-03,Ankara,31.4,78.0,3.8,,0.7
770,2022-04-13,Trabzon,18.7,95.0,3.6,Thunderstorm,1.6
771,2023-03-18,Antalya,4.4,67.0,11.9,Sunny,1.5
772,2024-03-08,Izmir,6.3,58.0,20.1,Sunny,0.2
773,2023-04-06,Trabzon,6.3,66.0,15.7,Rain,
774,2022-01-21,Trabzon,8.1,73.0,,Sunny,0.8
775,2022-07-03,Izmir,22.9,36.0,28.9,Fog,2.4
776,2023-01-28,Konya,21.4,85.0,22.1,Thunderstorm,0.7
777,2023-10-11,Ankara,22.9,98.0,26.7,Sunny,1.3
778,2023-05-28,Izmir,6.6,100.0,10.7,Cloudy,0.1
779,2023-04-15,Bursa,22.5,45.0,13.1,Sunny,1.4
780,2024-08-15,Izmir,19.3,52.0,14.7,Sunny,5.7
781,2023-04-16,Trabzon,15.9,44.0,19.3,Snow,2.3
782,2024-07-08,Ankara,24.3,47.0,22.0,Cloudy,0.1
783,2022-06-11,Trabzon,22.8,74.0,12.5,Sunny,3.3
784,2024-03-15,Adana,7.3,48.0,2.9,,6.5
785,2024-08-18,İzmir,23.4,87.0,16.2,Cloudy,2.0
786,2022-04-24,Izmir,19.6,55.0,4.7,Cloudy,1.4
787,2022-07-25,Izmir,10.2,71.0,21.0,Sunny,6.3
788,2024-07-13,Bursa,27.7,73.0,22.5,Cloudy,1.9
789,2023-03-19,Antalya,1.2,82.0,9.4,Sunny,0.6
790,2022-12-12,Ankara,19.4,50.0,20.4,Cloudy,2.0
791,2023-11-20,Ankara,17.0,55.0,3.3,Sunny,2.2
792,2024-06-13,Istanbul,3.7,77.0,14.0,,0.3
793,2023-05-26,Izmir,11.1,50.0,6.7,Cloudy,0.6
794,2023-12-21,Bursa,11.2,38.0,19.5,,5.4
795,2024-05-16,Bursa,25.6,62.0,23.2,Sunny,0.9
796,2022-02-04,Adana,1.0,52.0,8.2,Rain,1.7
797,2024-09-29,Istanbul,13.7,65.0,34.7,Sunny,1.7
798,2024-04-10,Adana,12.0,88.0,16.7,Cloudy,0.6
799,2024-08-11,Izmir,32.0,63.0,9.7,Cloudy,5.7
800,2023-01-26,Bursa,7.9,89.0,30.5,Cloudy,0.1
801,2024-08-17,Izmir,33.6,59.0,7.8,Rain,2.4
802,2022-12-03,Konya,21.5,51.0,15.5,Sunny,2.3
803,2023-11-08,Adana,14.4,,7.8,Sunny,7.2
804,2022-08-05,Trabzon,25.8,61.0,23.1,Sunny,7.3
805,2022-03-17,Izmir,-1.9,55.0,16.2,Sunny,0.8
806,2023-04-21,Izmir,15.7,65.0,19.6,Sunny,0.7
807,2024-09-19,Ankara,19.2,61.0,15.9,Fog,0.7
808,2022-08-03,Trabzon,22.0,57.0,15.5,Sunny,3.6
809,2024-03-22,Antalya,-0.5,85.0,13.8,Sunny,0.4
810,2023-11-19,İstanbul,12.4,70.0,0.1,Sunny,0.9
811,2024-09-29,Istanbul,13.7,65.0,34.7,Sunny,1.7
812,2022-11-01,Ankara,20.8,27.0,19.1,Rain,1.2
813,2024-12-18,Izmir,23.8,47.0,,Fog,0.3
814,2022-11-17,Bursa,23.1,58.0,21.4,Cloudy,3.1
815,2024-11-08,Konya,20.2,69.0,21.3,Sunny,1.0
816,2022-04-27,Izmir,22.6,,3.6,Sunny,-5.0
817,2022-02-23,Trabzon,0.7,68.0,14.6,Cloudy,0.7
818,2025-01-02,Adana,30.2,59.0,18.3,Rain,1.1
819,2022-11-14,Trabzon,12.3,73.0,0.2,Sunny,0.2
820,2023-01-09,Adana,16.8,,19.9,Cloudy,1.8
821,2022-04-21,Trabzon,28.7,65.0,10.2,Cloudy,0.2
822,2022-08-31,Izmir,22.1,92.0,19.9,Rain,3.8
823,2024-03-04,Istanbul,7.9,38.0,7.2,Cloudy,1.8
824,2024-09-23,Adana,11.8,75.0,21.4,Rain,0.2
825,2023-10-29,Konya,16.9,78.0,15.4,Thunderstorm,4.5
826,2022-06-10,Istanbul,15.4,58.0,16.6,Sunny,0.2
827,2024-01-06,Istanbul,7.6,39.0,0.2,Rain,0.9
828,2022-11-26,Konya,31.3,68.0,12.2,Sunny,0.3
829,2024-10-03,Konya,18.3,63.0,9.6,Snow,3.2
830,2024-08-29,Antalya,27.9,75.0,37.0,Cloudy,0.8
831,2022-01-23,Istanbul,10.8,60.0,19.5,Fog,3.3
832,2024-03-08,Ankara,-1.9,69.0,6.1,Sunny,3.9
833,2024-01-09,Istanbul,9.9,36.0,18.5,Snow,1.2
834,2024-05-30,Izmir,17.1,60.0,12.2,Rain,6.3
835,2022-02-03,Istanbul,21.5,80.0,19.5,Sunny,2.2
836,2022-09-26,Adana,4.3,62.0,9.1,Cloudy,0.1
837,2022-05-24,Bursa,4.9,72.0,0.6,Fog,1.5
838,2023-01-21,Trabzon,18.4,84.0,11.2,Sunny,0.3
839,2023-06-21,Istanbul,19.4,50.0,23.8,Cloudy,5.1
840,2022-03-08,Konya,18.5,61.0,9.8,Sunny,1.2
841,2024-06-18,Istanbul,34.2,49.0,2.2,Cloudy,1.4
842,2024-06-18,Ankara,16.5,51.0,24.6,Rain,1.9
843,2024-07-22,Adana,-1.2,67.0,13.7,Cloudy,2.4
844,2024-06-21,Ankara,0.5,54.0,11.5,Rain,11.5
845,2023-11-03,Konya,27.9,77.0,13.4,Rain,0.9
846,2023-04-20,Izmir,23.5,52.0,12.8,Snow,1.8
847,2024-08-12,Bursa,17.5,74.0,15.7,Sunny,2.6
848,2023-11-07,Ankara,20.6,35.0,18.5,Cloudy,2.7
849,2023-05-06,Bursa,27.7,87.0,21.7,Sunny,1.3
850,2024-05-30,Konya,23.4,84.0,30.5,Sunny,3.4
851,2023-07-05,Antalya,,68.0,11.6,Cloudy,1.2
852,2024-10-09,Istanbul,16.2,76.0,11.5,Sunny,1.8
853,2022-11-11,Istanbul,37.6,55.0,22.8,Rain,1.6
854,2022-06-01,Trabzon,-0.6,81.0,14.3,Snow,1.1
855,2022-06-22,Antalya,16.8,75.0,24.5,Sunny,0.8
856,2024-09-30,Ankara,9.9,63.0,18.7,Rain,3.3
857,2024-10-21,Izmir,999.0,15.0,9.7,Rain,0.9
858,2022-08-21,Istanbul,9.5,50.0,16.4,Sunny,2.3
859,2024-08-19,Konya,0.9,,8.7,Rain,1.0
860,2023-06-30,Adana,34.4,71.0,13.8,Cloudy,0.7
861,2023-07-28,Bursa,10.7,78.0,12.8,Sunny,3.9
862,2022-03-21,Trabzon,7.1,,11.7,Snow,1.2
863,2024-11-17,Istanbul,15.5,63.0,14.5,Fog,1.3
864,2024-05-10,Antalya,13.3,53.0,11.6,Cloudy,3.6
865,2024-07-25,Konya,23.0,84.0,19.6,Fog,4.3
866,2023-11-03,Antalya,21.4,53.0,8.7,Sunny,1.5
867,2022-09-07,Izmir,16.4,72.0,9.1,Thunderstorm,1.6
868,2022-03-22,İstanbul,6.5,55.0,,Sunny,
869,2024-10-11,Antalya,17.2,56.0,17.9,Cloudy,4.8
870,2023-03-18,Izmir,10.7,84.0,8.9,Cloudy,1.5
871,2023-08-19,Istanbul,32.2,50.0,4.2,Snow,0.2
872,2023-09-17,Antalya,13.3,52.0,1.1,Rain,0.2
873,2024-04-08,Trabzon,24.6,75.0,27.0,Thunderstorm,
874,2024-04-02,Istanbul,7.0,75.0,11.9,Rain,0.0
875,2022-09-04,Istanbul,,40.0,,Snow,0.1
876,2023-11-14,İzmir,8.9,75.0,4.3,Snow,4.3
877,2022-07-13,Bursa,,59.0,25.9,Rain,1.7
878,2022-12-10,Ankara,9.2,74.0,6.2,Sunny,0.6
879,2024-02-24,Ankara,37.8,58.0,11.5,Sunny,1.9
880,2024-03-15,Adana,15.7,87.0,,Sunny,0.2
881,2024-04-01,Konya,23.4,75.0,22.0,Sunny,1.1
882,2023-08-02,Istanbul,10.8,51.0,12.3,Sunny,1.6
883,2022-09-16,Trabzon,28.7,50.0,8.9,Sunny,0.5
884,2022-04-05,Bursa,22.6,81.0,5.0,Cloudy,0.5
885,2022-10-16,İstanbul,18.6,68.0,14.4,Cloudy,1.9
886,2023-12-26,Adana,4.6,70.0,9.7,Sunny,1.2
887,2022-07-21,Izmir,8.0,50.0,13.7,Sunny,1.7
888,2023-01-20,Adana,19.0,57.0,20.3,Sunny,2.5
889,2023-12-10,Istanbul,23.6,100.0,21.7,Sunny,1.1
890,2024-03-08,Antalya,17.1,51.0,21.2,Rain,6.5
891,2022-01-07,Antalya,-1.6,51.0,19.4,Rain,2.4
892,2023-07-14,Antalya,23.0,87.0,16.4,Cloudy,1.3
893,2022-03-06,Istanbul,13.4,150.0,20.1,Sunny,5.5
894,2024-04-22,Istanbul,-3.4,64.0,6.1,,0.8
895,2023-10-10,Istanbul,,83.0,3.8,Snow,1.0
896,2023-11-17,Adana,17.1,60.0,13.4,Sunny,0.7
897,2023-12-16,Bursa,28.9,93.0,16.3,Sunny,0.6
898,2023-01-20,Trabzon,18.0,77.0,5.4,Sunny,3.2
899,2024-08-01,Ankara,19.3,73.0,25.0,Sunny,0.3
900,2024-05-18,Ankara,17.3,83.0,13.6,Cloudy,0.3
901,2022-03-23,Konya,13.4,71.0,19.7,Sunny,1.7
902,2022-02-08,Konya,0.6,62.0,16.4,Sunny,1.7
903,2023-12-18,Konya,24.3,70.0,10.0,Sunny,1.0
904,2024-03-08,Izmir,11.5,53.0,10.5,Sunny,0.3
905,2023-05-26,Adana,19.6,60.0,21.9,Rain,1.6
906,2023-12-01,Antalya,27.0,70.0,25.1,Cloudy,0.4
907,2024-12-12,Adana,16.1,70.0,13.8,Sunny,1.5
908,2024-07-06,Istanbul,10.4,77.0,1.9,Snow,0.6
909,2024-08-15,Konya,24.5,51.0,16.0,Cloudy,4.9
910,2022-09-15,Trabzon,26.6,34.0,1.2,Sunny,1.3
911,2022-04-30,Istanbul,40.5,77.0,13.1,Sunny,
912,2022-04-19,Ankara,27.7,60.0,1.8,Cloudy,1.4
913,2023-12-31,Antalya,8.8,57.0,10.3,Cloudy,4.7
914,2022-09-18,Bursa,-1.2,53.0,28.5,Sunny,1.0
915,2023-09-05,Istanbul,21.9,68.0,20.8,Cloudy,0.0
916,2022-09-11,Ankara,10.0,40.0,19.4,Snow,7.3
917,2024-07-07,İstanbul,6.4,78.0,,Rain,
918,2024-08-15,Istanbul,36.9,78.0,10.0,Sunny,2.2
919,2023-04-22,Izmir,17.4,100.0,22.9,Snow,1.0
920,2023-10-27,Ankara,11.2,54.0,19.4,Cloudy,1.4
921,2024-11-17,Izmir,6.2,77.0,6.9,Sunny,3.6
922,2024-04-24,Istanbul,16.3,77.0,13.6,Fog,0.4
923,2022-02-17,Izmir,,70.0,14.8,Sunny,0.7
924,2022-03-28,Trabzon,,48.0,14.2,Sunny,4.3
925,2022-03-19,Bursa,-2.5,60.0,16.8,Cloudy,0.4
926,2023-02-01,ISTANBUL,15.8,55.0,26.0,Snow,2.1
927,2024-04-13,Konya,10.6,57.0,18.8,Cloudy,3.1
928,2022-02-16,Ankara,26.1,56.0,24.9,Sunny,1.4
929,2022-07-06,Bursa,-1.2,,13.8,,1.6
930,2022-04-08,Antalya,30.7,84.0,21.4,Rain,8.4
931,2022-05-27,Izmir,8.2,95.0,17.0,Snow,1.0
932,2022-05-03,Ankara,20.6,62.0,26.6,Sunny,2.1
933,2023-07-05,Ankara,,95.0,6.2,Fog,3.1
934,2022-01-12,Izmir,3.2,74.0,7.6,Cloudy,3.0
935,2022-02-05,Konya,11.8,80.0,33.7,Rain,0.3
936,2023-07-11,Istanbul,5.6,79.0,25.1,Sunny,0.0
937,2024-05-26,Ankara,11.9,70.0,25.4,Snow,4.1
938,2024-04-30,Ankara,10.0,72.0,20.7,Snow,0.1
939,2023-05-26,Trabzon,,72.0,9.6,Thunderstorm,1.1
940,2022-02-22,Bursa,18.7,44.0,21.3,Cloudy,0.6
941,2023-12-27,Izmir,14.6,65.0,24.5,Cloudy,0.3
942,2022-11-17,Istanbul,23.3,70.0,26.5,Sunny,1.8
943,2022-12-08,Istanbul,30.4,47.0,17.3,Rain,3.7
944,2023-10-15,İzmir,16.5,80.0,5.4,Cloudy,1.6
945,2022-11-22,Ankara,6.0,53.0,32.7,Sunny,1.4
946,2024-03-02,Ankara,27.0,75.0,25.5,Cloudy,2.9
947,2022-07-09,Antalya,6.4,68.0,12.4,Sunny,0.6
948,2022-07-27,istanbul,23.6,69.0,6.7,Sunny,4.4
949,2022-12-04,Istanbul,20.4,85.0,15.5,Cloudy,2.9
950,2023-04-05,Bursa,25.6,68.0,19.5,Rain,1.8
951,2022-06-16,Adana,29.5,68.0,21.8,Sunny,0.6
952,2023-11-13,Konya,18.5,95.0,29.9,Sunny,4.4
953,2023-10-02,Antalya,14.1,78.0,18.0,Cloudy,0.1
954,2024-01-31,Izmir,16.5,56.0,11.4,Sunny,2.3
955,2023-08-04,Trabzon,28.4,63.0,12.3,Fog,0.7
956,2022-08-16,Istanbul,-2.8,55.0,0.2,Fog,2.0
957,2024-08-15,Istanbul,31.9,73.0,21.0,Cloudy,1.0
958,2023-08-01,Adana,12.5,58.0,8.5,Sunny,1.9
959,2022-04-02,Istanbul,23.1,65.0,1.2,Sunny,2.0
960,2023-10-18,Bursa,999.0,61.0,22.3,Sunny,0.6
961,2024-09-19,Ankara,11.5,79.0,8.6,Sunny,1.7
962,2022-02-10,Konya,19.3,88.0,8.1,Rain,0.1
963,2024-05-03,Ankara,21.2,95.0,4.8,Sunny,1.7
964,2022-01-01,Bursa,1.7,41.0,5.2,Cloudy,4.0
965,2022-10-13,Ankara,28.5,60.0,17.6,Cloudy,5.4
966,2022-06-19,Trabzon,4.8,66.0,10.6,Sunny,
967,2022-03-31,Izmir,2.8,40.0,,Sunny,2.0
968,2023-01-15,Trabzon,4.4,55.0,6.5,Sunny,
969,2022-03-04,Ankara,10.9,78.0,7.3,Rain,2.0
970,2024-03-05,Izmir,4.0,54.0,24.3,Sunny,3.0
971,2024-12-10,Izmir,18.3,63.0,11.0,Rain,0.4
972,2024-06-03,Adana,11.1,79.0,23.7,Sunny,4.9
973,2022-10-08,Antalya,15.3,47.0,27.5,,0.7
974,2022-04-17,Antalya,7.8,70.0,15.7,Sunny,0.9
975,2022-04-28,Adana,0.8,69.0,10.4,Cloudy,3.4
976,2023-09-18,Izmir,13.1,55.0,6.9,Fog,3.9
977,2022-12-04,Bursa,8.0,64.0,8.4,Sunny,3.8
978,2023-10-18,Adana,32.8,68.0,16.0,Sunny,3.3
979,2023-10-28,Trabzon,2.0,64.0,18.7,Cloudy,3.3
980,2024-01-02,Istanbul,16.7,53.0,10.7,Cloudy,0.3
981,2024-05-16,İstanbul,23.6,80.0,19.1,Rain,0.0
982,2024-10-25,Ankara,-3.8,72.0,16.1,Rain,0.1
983,2023-09-19,Ankara,9.4,65.0,22.0,Sunny,3.5
984,2023-09-28,Bursa,18.1,61.0,20.7,Sunny,4.1
985,2024-05-21,Antalya,12.0,37.0,8.4,Cloudy,1.6
986,2022-04-25,Istanbul,19.0,73.0,24.9,Sunny,0.5
987,2023-07-18,Istanbul,15.9,67.0,4.2,Fog,1.3
988,2022-02-10,Istanbul,19.0,88.0,9.8,Sunny,0.8
989,2024-04-04,Bursa,15.4,69.0,16.1,Rain,2.6
990,2024-10-21,Ankara,36.1,41.0,12.8,Sunny,2.4
991,2024-08-25,Istanbul,25.9,49.0,3.7,Cloudy,3.4
992,2024-06-20,Konya,6.6,49.0,17.8,Snow,1.4
993,2023-09-24,Istanbul,27.3,95.0,5.1,Rain,0.3
994,2024-03-26,Ankara,24.4,75.0,24.0,Sunny,3.8
995,2023-01-24,Istanbul,18.0,62.0,18.6,Fog,6.5
996,2022-02-20,Bursa,31.2,72.0,7.7,Rain,0.5
997,2023-12-30,Bursa,25.6,75.0,6.9,Rain,0.8
998,2024-09-14,Istanbul,,65.0,8.4,Cloudy,2.7
999,2022-01-28,İzmir,15.1,,10.5,Sunny,2.7
1000,2022-06-22,Istanbul,12.2,69.0,20.4,Sunny,0.4
1001,2023-08-30,Istanbul,20.8,58.0,15.1,Sunny,0.0
1002,2022-11-23,Istanbul,29.6,73.0,12.9,Sunny,0.1
1003,2023-12-15,Bursa,27.1,70.0,10.2,Fog,1.6
1004,2023-11-01,Antalya,18.5,73.0,19.0,Sunny,7.3
1005,2022-12-23,Antalya,15.4,61.0,22.0,Cloudy,0.7
1006,2024-09-19,Antalya,6.9,53.0,15.4,Fog,
1007,2023-06-09,Bursa,11.9,64.0,15.3,Sunny,4.0
1008,2024-05-21,Trabzon,10.2,62.0,24.8,Rain,1.7
1009,2022-01-20,Ankara,13.8,63.0,14.0,Sunny,0.6
1010,2024-08-27,Konya,17.0,83.0,33.1,Thunderstorm,0.2
1011,2024-10-28,Trabzon,-0.6,63.0,18.7,Snow,0.1
1012,2022-11-16,Ankara,39.3,65.0,25.1,Sunny,4.3
1013,2023-02-05,Izmir,13.2,56.0,19.6,Cloudy,3.5
1014,2023-04-16,Antalya,14.0,56.0,13.6,Sunny,0.4
1015,2024-03-06,Antalya,20.4,86.0,23.1,Snow,3.7
1016,2022-04-23,Ankara,9.5,81.0,11.5,Cloudy,2.0
1017,2024-02-14,Adana,10.3,82.0,18.9,Cloudy,2.0
1018,2024-09-19,Bursa,2.2,59.0,16.9,Sunny,3.8
1019,2025-01-01,Adana,6.0,59.0,12.0,Fog,1.4
1020,2024-01-29,Ankara,22.5,82.0,10.1,Cloudy,1.7
1021,2024-12-22,Bursa,22.2,60.0,14.0,Rain,0.8
1022,2022-11-30,Konya,22.3,61.0,10.9,Rain,2.6
1023,2023-05-08,Trabzon,18.1,65.0,31.1,Sunny,3.8
1024,2024-09-16,Ankara,6.7,77.0,7.1,Fog,2.6
1025,2023-03-29,Bursa,23.6,150.0,1.0,Rain,0.3
