RecordID,Date,City,Temperature_C,Humidity_pct,WindSpeed_kmh,Precipitation_mm,Weather
1,2022-01-02,Adana,24.4,72.0,8.7,2.9,sunny
2,2022-01-18,Adana,-0.2,56.0,22.8,0.7,snow
3,2022-01-22,Adana,19.6,55.0,8.5,3.3,cloudy
4,2022-02-04,Adana,1.0,52.0,8.2,1.7,rain
5,2022-02-12,Adana,8.3,52.0,18.0,0.6,fog
6,2022-03-03,Adana,8.7,55.0,4.2,0.9,sunny
7,2022-03-10,Adana,19.3,50.0,18.0,5.8,sunny
8,2022-03-16,Adana,29.8,74.0,14.5,1.8,fog
9,2022-03-24,Adana,21.3,65.0,10.5,0.3,sunny
10,2022-03-27,Adana,25.5,75.0,12.4,3.7,thunderstorm
11,2022-03-31,Adana,21.7,77.0,7.8,2.3,sunny
12,2022-04-15,Adana,8.4,42.0,11.9,0.0,cloudy
13,2022-04-28,Adana,0.8,69.0,10.4,3.4,cloudy
14,2022-05-06,Adana,12.6,72.0,14.4,2.9,cloudy
15,2022-05-12,Adana,11.8,75.0,6.2,3.6,rain
16,2022-05-19,Adana,8.5,69.0,18.2,1.6,sunny
17,2022-05-24,Adana,16.3,93.0,13.2,3.8,fog
18,2022-05-28,Adana,1.2,61.0,13.1,2.6,sunny
19,2022-06-03,Adana,25.8,69.0,19.9,6.9,sunny
20,2022-06-09,Adana,3.9,78.0,13.7,4.9,sunny
21,2022-06-16,Adana,29.5,68.0,21.8,0.6,sunny
22,2022-06-26,Adana,19.45,76.0,10.7,0.8,rain
23,2022-07-07,Adana,9.4,52.0,0.5,6.6,cloudy
24,2022-07-13,Adana,15.9,58.0,16.9,2.4,rain
25,2022-07-15,Adana,16.3,74.0,27.8,2.5,sunny
26,2022-07-17,Adana,18.1,39.0,11.4,1.7,sunny
27,2022-07-24,Adana,26.5,66.0,18.3,0.4,rain
28,2022-08-02,Adana,26.1,76.0,30.8,0.8,sunny
29,2022-09-26,Adana,4.3,62.0,9.1,0.1,cloudy
30,2022-10-04,Adana,5.9,50.0,7.6,0.1,sunny
31,2022-10-30,Adana,25.9,64.0,20.5,1.2,snow
32,2022-11-14,Adana,17.4,59.0,23.2,5.3,cloudy
33,2022-11-24,Adana,11.6,79.0,20.5,5.0,sunny
34,2022-12-14,Adana,32.3,86.0,20.7,0.0,sunny
35,2023-01-09,Adana,16.8,71.5,19.9,1.8,cloudy
36,2023-01-20,Adana,19.0,57.0,20.3,5.0,sunny
37,2023-01-25,Adana,31.0,49.0,18.2,1.5,sunny
38,2023-02-09,Adana,16.6,61.0,7.1,1.3,sunny
39,2023-04-09,Adana,16.6,59.0,9.9,2.1,cloudy
40,2023-04-19,Adana,19.0,49.0,11.9,1.5,rain
41,2023-05-03,Adana,13.0,73.0,7.3,2.8,sunny
42,2023-05-12,Adana,5.6,67.0,12.0,0.4,cloudy
43,2023-05-18,Adana,12.0,70.0,24.0,2.3,rain
44,2023-05-25,Adana,14.0,27.0,21.1,0.0,cloudy
45,2023-05-26,Adana,19.6,60.0,21.9,1.6,rain
46,2023-05-31,Adana,17.1,77.0,20.3,1.8,rain
47,2023-06-09,Adana,12.4,39.0,9.4,0.2,fog
48,2023-06-10,Adana,17.9,97.0,8.8,0.0,rain
49,2023-06-30,Adana,34.4,71.0,13.8,0.7,cloudy
50,2023-07-13,Adana,27.5,61.0,13.0,3.1,sunny
51,2023-07-24,Adana,23.1,47.0,25.0,2.7,sunny
52,2023-07-29,Adana,14.5,52.5,16.0,1.9,rain
53,2023-08-01,Adana,12.5,58.0,8.5,1.9,sunny
54,2023-09-09,Adana,2.3,78.0,7.0,0.7,rain
55,2023-09-16,Adana,22.8,83.0,21.2,2.4,fog
56,2023-10-01,Adana,16.8,58.0,28.1,0.4,sunny
57,2023-10-05,Adana,30.8,33.0,20.15,0.5,cloudy
58,2023-10-08,Adana,9.7,68.0,12.2,4.2,sunny
59,2023-10-09,Adana,20.3,75.0,7.2,1.1,sunny
60,2023-10-18,Adana,32.8,68.0,16.0,3.3,sunny
61,2023-10-25,Adana,11.4,53.0,20.9,2.8,cloudy
62,2023-11-08,Adana,14.4,56.5,7.8,7.2,sunny
63,2023-11-17,Adana,17.1,60.0,13.4,0.7,sunny
64,2023-11-30,Adana,14.2,35.0,6.2,1.2,cloudy
65,2023-12-10,Adana,-0.20000000000000018,87.0,18.5,5.3,cloudy
66,2023-12-11,Adana,3.8,33.0,26.4,2.8,sunny
67,2023-12-15,Adana,11.8,64.0,21.6,6.2,sunny
68,2023-12-26,Adana,4.6,70.0,9.7,1.2,sunny
69,2024-01-02,Adana,12.9,41.0,2.8,2.2,cloudy
70,2024-01-03,Adana,12.8,59.5,8.3,0.2,cloudy
71,2024-01-08,Adana,10.1,78.0,17.7,0.0,sunny
72,2024-01-11,Adana,28.3,84.0,16.7,1.2,sunny
73,2024-01-24,Adana,14.5,53.0,14.9,1.3,thunderstorm
74,2024-01-25,Adana,7.2,53.0,13.9,1.9,sunny
75,2024-02-02,Adana,17.9,38.0,31.5,1.4,sunny
76,2024-02-14,Adana,10.3,82.0,18.9,2.0,cloudy
77,2024-02-18,Adana,19.0,86.0,19.2,6.5,sunny
78,2024-03-02,Adana,15.0,27.0,12.5,0.1,rain
79,2024-03-15,Adana,15.7,87.0,17.45,0.2,sunny
80,2024-03-25,Adana,14.5,56.0,22.4,0.9,sunny
81,2024-04-02,Adana,7.6,54.0,7.85,1.1,cloudy
82,2024-04-05,Adana,16.2,43.0,18.4,0.0,cloudy
83,2024-04-10,Adana,12.0,88.0,16.7,0.6,cloudy
84,2024-04-28,Adana,-11.2,56.0,3.9,2.0,rain
85,2024-05-04,Adana,14.9,76.0,6.4,0.6,sunny
86,2024-05-14,Adana,15.1,81.0,10.1,0.5,rain
87,2024-05-22,Adana,17.5,85.0,16.8,1.0,sunny
88,2024-06-01,Adana,-10.9,82.0,8.6,1.1,cloudy
89,2024-06-03,Adana,11.1,79.0,23.7,4.9,sunny
90,2024-06-04,Adana,10.3,71.0,12.9,3.6,sunny
91,2024-07-22,Adana,-1.2,67.0,13.7,2.4,cloudy
92,2024-07-23,Adana,24.6,69.0,23.1,2.7,cloudy
93,2024-08-13,Adana,5.5,76.0,27.8,0.9,rain
94,2024-09-23,Adana,11.8,75.0,21.4,0.2,rain
95,2024-10-03,Adana,24.4,59.5,18.1,1.5,sunny
96,2024-10-12,Adana,6.3,44.0,21.9,3.1,sunny
97,2024-10-18,Adana,16.7,79.0,13.0,1.7,cloudy
98,2024-10-29,Adana,-2.1,86.0,9.7,2.9,sunny
99,2024-11-05,Adana,16.1,53.0,18.7,0.2,snow
100,2024-11-12,Adana,20.4,100.0,0.7,5.7,sunny
101,2024-11-15,Adana,16.8,67.0,9.9,4.0,snow
102,2024-11-30,Adana,13.7,56.0,16.1,1.0,cloudy
103,2024-12-01,Adana,41.7,68.0,23.3,0.6,fog
104,2024-12-05,Adana,4.7,61.0,13.9,0.3,rain
105,2024-12-07,Adana,25.0,75.0,19.3,1.0,sunny
106,2024-12-08,Adana,21.0,60.0,28.9,0.2,sunny
107,2024-12-10,Adana,28.6,73.0,14.9,2.4,sunny
108,2024-12-12,Adana,16.1,70.0,13.8,1.5,sunny
109,2024-12-13,Adana,23.4,94.0,2.9,1.6,sunny
110,2024-12-22,Adana,25.1,64.0,11.4,0.2,rain
111,2024-12-28,Adana,9.8,53.0,22.2,0.2,sunny
112,2025-01-01,Adana,6.0,59.0,12.0,1.4,fog
113,2025-01-02,Adana,30.2,59.0,18.3,1.1,rain
114,2022-01-15,Ankara,14.5,79.0,2.0,2.5,fog
115,2022-01-17,Ankara,15.3,49.0,5.4,0.5,rain
116,2022-01-20,Ankara,13.8,63.0,14.0,0.6,sunny
117,2022-02-16,Ankara,26.1,56.0,24.9,1.4,sunny
118,2022-03-04,Ankara,10.9,78.0,7.3,2.0,rain
119,2022-04-19,Ankara,27.7,60.0,1.8,1.4,cloudy
120,2022-04-23,Ankara,9.85,75.0,7.8,9.1,thunderstorm
121,2022-05-03,Ankara,20.6,62.0,26.6,2.1,sunny
122,2022-05-21,Ankara,17.6,72.0,20.7,0.7,sunny
123,2022-05-23,Ankara,19.5,49.0,1.3,0.2,rain
124,2022-07-09,Ankara,21.7,60.0,10.7,6.9,cloudy
125,2022-07-22,Ankara,26.5,66.0,27.7,5.3,sunny
126,2022-08-18,Ankara,3.0,94.0,24.1,1.3,sunny
127,2022-08-21,Ankara,24.0,52.0,25.2,2.3,fog
128,2022-08-23,Ankara,21.7,54.0,19.7,4.9,sunny
129,2022-09-11,Ankara,10.0,40.0,19.4,7.3,snow
130,2022-09-20,Ankara,19.7,69.0,23.9,1.8,sunny
131,2022-09-27,Ankara,13.5,81.0,8.1,1.5,rain
132,2022-10-12,Ankara,18.0,43.0,12.850000000000001,8.6,rain
133,2022-10-13,Ankara,28.5,60.0,17.6,5.4,cloudy
134,2022-10-16,Ankara,1.6,64.0,26.1,1.8,sunny
135,2022-11-01,Ankara,20.8,27.0,19.1,1.2,rain
136,2022-11-12,Ankara,18.3,70.0,8.1,0.6,cloudy
137,2022-11-16,Ankara,39.3,65.0,25.1,4.3,sunny
138,2022-11-20,Ankara,17.3,85.0,28.900000000000002,2.4,cloudy
139,2022-11-22,Ankara,6.0,53.0,32.7,1.4,sunny
140,2022-11-25,Ankara,28.4,29.0,22.5,0.8,rain
141,2022-12-10,Ankara,9.2,74.0,6.2,0.6,sunny
142,2022-12-12,Ankara,19.4,50.0,20.4,2.0,cloudy
143,2022-12-26,Ankara,10.6,78.0,15.1,1.7,snow
144,2023-01-05,Ankara,23.1,26.0,18.6,5.1,snow
145,2023-01-08,Ankara,37.2,55.0,0.4,0.2,sunny
146,2023-01-11,Ankara,8.8,82.0,7.9,0.6,rain
147,2023-01-31,Ankara,13.9,59.0,18.7,0.4,cloudy
148,2023-02-22,Ankara,8.7,60.0,17.4,4.5,cloudy
149,2023-02-24,Ankara,-18.9,71.0,8.1,0.8,rain
150,2023-03-21,Ankara,4.8,57.0,20.5,0.3,cloudy
151,2023-03-26,Ankara,10.7,60.0,12.4,6.0,cloudy
152,2023-03-29,Ankara,29.4,43.0,20.6,3.1,sunny
153,2023-04-14,Ankara,29.0,66.0,11.3,1.1,sunny
154,2023-05-07,Ankara,13.9,51.0,10.3,4.7,snow
155,2023-06-08,Ankara,15.6,84.0,13.25,0.7,sunny
156,2023-06-26,Ankara,2.9,59.0,16.2,0.0,cloudy
157,2023-06-30,Ankara,27.4,71.0,0.6,1.3,cloudy
158,2023-07-05,Ankara,25.0,95.0,6.2,3.1,fog
159,2023-07-29,Ankara,22.6,49.0,19.3,3.5,sunny
160,2023-08-01,Ankara,27.7,71.0,16.45,1.5,rain
161,2023-08-24,Ankara,38.0,81.0,13.6,0.7,cloudy
162,2023-08-27,Ankara,6.3,69.0,9.9,1.6,sunny
163,2023-09-01,Ankara,16.1,54.0,7.1,4.2,fog
164,2023-09-05,Ankara,45.0,60.0,15.4,0.1,fog
165,2023-09-08,Ankara,29.6,54.0,4.2,6.5,thunderstorm
166,2023-09-19,Ankara,9.4,65.0,22.0,3.5,sunny
167,2023-09-25,Ankara,35.2,73.0,19.0,0.0,cloudy
168,2023-10-11,Ankara,22.9,98.0,26.7,1.3,sunny
169,2023-10-19,Ankara,15.6,68.0,9.4,1.7,sunny
170,2023-10-27,Ankara,11.2,54.0,19.4,1.4,cloudy
171,2023-10-28,Ankara,-8.6,75.0,19.0,4.4,cloudy
172,2023-11-07,Ankara,16.700000000000003,44.5,20.2,3.9000000000000004,sunny
173,2023-11-20,Ankara,17.0,55.0,3.3,2.2,sunny
174,2023-11-21,Ankara,9.2,74.0,14.8,6.5,sunny
175,2023-11-30,Ankara,6.8,51.0,27.3,0.4,sunny
176,2023-12-20,Ankara,1.9,66.0,12.5,1.9,sunny
177,2024-01-05,Ankara,18.3,78.0,18.3,0.4,sunny
178,2024-01-29,Ankara,22.5,82.0,10.1,1.7,cloudy
179,2024-02-08,Ankara,27.2,62.0,6.2,0.6,sunny
180,2024-02-24,Ankara,37.8,58.0,11.5,1.9,sunny
181,2024-03-02,Ankara,27.0,75.0,25.5,2.9,cloudy
182,2024-03-08,Ankara,-1.9,69.0,6.1,3.9,sunny
183,2024-03-16,Ankara,13.3,70.0,15.3,0.7,sunny
184,2024-03-26,Ankara,24.4,75.0,24.0,3.8,sunny
185,2024-04-10,Ankara,-2.2,74.0,1.9,0.4,sunny
186,2024-04-17,Ankara,10.4,66.0,16.6,0.3,rain
187,2024-04-30,Ankara,10.0,72.0,20.7,0.1,snow
188,2024-05-03,Ankara,21.2,95.0,4.8,1.7,sunny
189,2024-05-18,Ankara,17.3,83.0,13.6,0.3,cloudy
190,2024-05-25,Ankara,6.0,62.0,37.2,2.8,cloudy
191,2024-05-26,Ankara,11.9,70.0,25.4,4.1,snow
192,2024-06-18,Ankara,16.5,51.0,24.6,1.9,rain
193,2024-06-21,Ankara,0.5,54.0,11.5,11.5,rain
194,2024-07-01,Ankara,28.9,68.0,21.1,4.1,cloudy
195,2024-07-08,Ankara,20.1,70.5,21.4,4.1,sunny
196,2024-08-01,Ankara,19.3,73.0,25.0,0.3,sunny
197,2024-08-05,Ankara,4.6,38.0,11.2,0.9,cloudy
198,2024-08-12,Ankara,22.7,66.0,19.9,0.5,sunny
199,2024-08-13,Ankara,22.0,52.0,10.2,0.0,sunny
200,2024-08-14,Ankara,20.0,65.0,23.9,0.2,rain
201,2024-09-16,Ankara,6.7,77.0,7.1,2.6,fog
202,2024-09-18,Ankara,26.3,66.0,3.4,5.2,thunderstorm
203,2024-09-19,Ankara,15.35,70.0,12.25,2.4,fog
204,2024-09-30,Ankara,9.9,63.0,18.7,3.3,rain
205,2024-10-21,Ankara,36.1,41.0,12.8,2.4,sunny
206,2024-10-23,Ankara,15.3,63.0,19.2,3.7,cloudy
207,2024-10-25,Ankara,-3.8,72.0,16.1,0.1,rain
208,2024-12-28,Ankara,17.6,76.0,16.7,11.1,sunny
209,2024-12-29,Ankara,19.9,68.0,7.4,1.2,sunny
210,2024-12-31,Ankara,14.0,48.0,8.1,0.2,snow
211,2022-01-07,Antalya,-1.6,51.0,19.4,2.4,rain
212,2022-01-15,Antalya,6.8,69.0,16.4,0.8,snow
213,2022-01-18,Antalya,24.1,87.0,7.5,4.5,rain
214,2022-01-29,Antalya,22.2,75.0,21.0,0.2,cloudy
215,2022-02-06,Antalya,21.3,65.0,22.25,0.6,cloudy
216,2022-02-24,Antalya,22.7,66.0,23.5,2.5,sunny
217,2022-03-02,Antalya,28.5,79.0,9.6,2.6,sunny
218,2022-03-31,Antalya,4.2,75.0,7.7,1.2,snow
219,2022-04-05,Antalya,39.1,52.0,1.9,3.0,cloudy
220,2022-04-08,Antalya,30.7,84.0,21.4,8.4,rain
221,2022-04-09,Antalya,29.1,45.0,8.5,4.1,sunny
222,2022-04-17,Antalya,7.8,70.0,15.7,0.9,sunny
223,2022-04-28,Antalya,5.1,84.0,12.0,0.2,sunny
224,2022-05-14,Antalya,19.5,65.0,3.5,3.5,sunny
225,2022-05-31,Antalya,14.7,55.0,4.9,0.1,cloudy
226,2022-06-14,Antalya,16.1,92.0,22.3,0.2,sunny
227,2022-06-21,Antalya,12.8,68.0,8.5,0.8,cloudy
228,2022-06-22,Antalya,16.8,75.0,24.5,0.8,sunny
229,2022-07-09,Antalya,6.4,68.0,12.4,0.6,sunny
230,2022-07-20,Antalya,13.6,44.0,28.3,1.4,sunny
231,2022-08-05,Antalya,19.5,64.0,3.7,1.5,cloudy
232,2022-08-14,Antalya,9.4,83.0,15.9,0.9,cloudy
233,2022-08-19,Antalya,12.6,67.0,7.0,2.7,sunny
234,2022-08-27,Antalya,15.0,46.0,15.5,0.1,sunny
235,2022-10-06,Antalya,20.8,68.0,14.9,4.7,sunny
236,2022-10-23,Antalya,26.6,69.0,23.5,3.2,cloudy
237,2022-10-29,Antalya,14.2,74.0,12.4,0.0,sunny
238,2022-11-10,Antalya,11.3,88.0,24.1,1.3,cloudy
239,2022-12-23,Antalya,15.4,61.0,22.0,0.7,cloudy
240,2022-12-31,Antalya,31.2,59.0,14.3,4.4,cloudy
241,2023-01-21,Antalya,21.2,70.0,0.1,1.4,sunny
242,2023-02-02,Antalya,22.9,58.5,27.45,2.4,sunny
243,2023-02-26,Antalya,6.5,84.0,4.5,0.5,cloudy
244,2023-03-01,Antalya,0.4,46.0,12.3,1.9,snow
245,2023-03-11,Antalya,17.95,35.5,4.3500000000000005,4.1,rain
246,2023-03-14,Antalya,39.7,61.0,13.9,0.1,sunny
247,2023-03-18,Antalya,4.4,67.0,11.9,1.5,sunny
248,2023-03-19,Antalya,1.2,82.0,9.4,1.2,sunny
249,2023-04-02,Antalya,17.2,70.0,28.6,0.8,sunny
250,2023-04-16,Antalya,14.0,56.0,13.6,0.4,sunny
251,2023-05-09,Antalya,11.8,79.0,12.3,1.2,sunny
252,2023-05-14,Antalya,15.5,82.0,11.3,2.1,cloudy
253,2023-05-17,Antalya,11.8,62.0,16.4,2.2,rain
254,2023-06-05,Antalya,19.7,67.0,2.7,0.9,sunny
255,2023-07-05,Antalya,21.35,68.0,11.6,1.2,cloudy
256,2023-07-14,Antalya,23.0,87.0,16.4,1.3,cloudy
257,2023-07-24,Antalya,3.8,70.0,18.3,0.6,cloudy
258,2023-07-28,Antalya,16.3,85.0,13.4,3.5,sunny
259,2023-08-18,Antalya,9.4,76.0,12.6,3.7,cloudy
260,2023-08-28,Antalya,16.6,47.0,18.6,1.4,sunny
261,2023-09-17,Antalya,13.3,52.0,1.1,0.2,rain
262,2023-09-26,Antalya,34.0,89.0,10.4,0.7,sunny
263,2023-10-02,Antalya,14.1,78.0,18.0,0.1,cloudy
264,2023-11-01,Antalya,18.5,73.0,19.0,7.3,sunny
265,2023-11-03,Antalya,21.4,53.0,8.7,1.5,sunny
266,2023-11-16,Antalya,9.9,67.0,27.6,4.0,sunny
267,2023-11-21,Antalya,13.9,94.0,6.8,0.0,sunny
268,2023-11-23,Antalya,0.4,61.0,4.3,4.6,cloudy
269,2023-12-01,Antalya,27.0,70.0,25.1,0.4,cloudy
270,2023-12-08,Antalya,27.7,87.0,36.4,3.3,cloudy
271,2023-12-15,Antalya,20.7,82.0,12.9,2.2,rain
272,2023-12-31,Antalya,8.8,57.0,10.3,4.7,cloudy
273,2024-01-16,Antalya,8.15,62.0,0.3,2.5,cloudy
274,2024-01-29,Antalya,7.5,82.0,9.9,4.6,cloudy
275,2024-02-03,Antalya,8.0,62.0,23.7,0.3,sunny
276,2024-02-06,Antalya,6.6,77.0,8.9,0.5,rain
277,2024-02-16,Antalya,10.2,62.0,13.1,2.1,cloudy
278,2024-02-17,Antalya,13.7,36.0,14.7,2.7,rain
279,2024-02-23,Antalya,13.6,68.0,11.0,0.8,cloudy
280,2024-02-29,Antalya,13.6,57.0,2.6,0.8,cloudy
281,2024-03-06,Antalya,20.4,86.0,23.1,3.7,snow
282,2024-03-08,Antalya,17.1,51.0,21.2,6.5,rain
283,2024-03-12,Antalya,17.3,59.0,0.5,2.4,rain
284,2024-03-22,Antalya,-0.5,85.0,13.8,0.4,sunny
285,2024-03-31,Antalya,10.4,72.0,14.6,2.3,sunny
286,2024-04-11,Antalya,10.9,54.0,16.8,1.7,rain
287,2024-04-17,Antalya,3.2,76.0,11.5,0.0,rain
288,2024-04-26,Antalya,1.2,85.0,15.6,0.4,sunny
289,2024-04-30,Antalya,31.3,50.0,16.6,0.3,sunny
290,2024-05-03,Antalya,12.1,68.0,17.0,0.3,sunny
291,2024-05-06,Antalya,14.8,55.0,17.6,0.8,sunny
292,2024-05-10,Antalya,13.3,53.0,11.6,3.6,cloudy
293,2024-05-21,Antalya,12.0,37.0,8.4,1.6,cloudy
294,2024-05-27,Antalya,18.9,76.0,14.3,4.7,cloudy
295,2024-06-15,Antalya,11.2,80.0,28.2,3.7,thunderstorm
296,2024-06-27,Antalya,21.9,76.0,16.9,4.3,sunny
297,2024-08-04,Antalya,1.5,53.0,5.5,0.6,sunny
298,2024-08-08,Antalya,25.8,70.0,10.7,6.0,cloudy
299,2024-08-29,Antalya,26.65,63.5,28.9,1.0,cloudy
300,2024-08-30,Antalya,18.8,88.0,23.8,3.6,cloudy
301,2024-09-19,Antalya,6.9,53.0,15.4,0.0,fog
302,2024-10-05,Antalya,9.4,71.0,36.4,0.8,sunny
303,2024-10-06,Antalya,20.9,66.0,20.0,0.4,snow
304,2024-10-11,Antalya,17.2,56.0,17.9,4.8,cloudy
305,2024-10-19,Antalya,12.9,75.0,34.2,1.2,snow
306,2024-10-22,Antalya,22.1,78.0,22.6,3.5,sunny
307,2024-10-27,Antalya,14.5,97.0,4.9,3.4,sunny
308,2024-11-15,Antalya,21.8,78.0,27.2,0.5,sunny
309,2024-11-18,Antalya,13.3,68.0,8.9,5.2,sunny
310,2024-11-22,Antalya,0.3,89.0,20.2,1.0,cloudy
311,2024-11-26,Antalya,6.2,55.0,18.4,0.8,cloudy
312,2024-12-24,Antalya,19.6,57.0,8.1,4.5,sunny
313,2022-01-01,Bursa,1.7,41.0,5.2,4.0,cloudy
314,2022-01-05,Bursa,20.9,26.0,22.8,0.8,cloudy
315,2022-01-13,Bursa,5.3,49.0,15.100000000000001,2.8,sunny
316,2022-01-14,Bursa,10.1,76.0,7.4,0.0,thunderstorm
317,2022-01-25,Bursa,36.4,68.0,1.2,1.3,sunny
318,2022-01-27,Bursa,16.1,76.0,14.0,3.3,sunny
319,2022-02-03,Bursa,1.8,71.0,19.7,6.5,sunny
320,2022-02-16,Bursa,16.9,63.0,16.5,2.3,snow
321,2022-02-20,Bursa,31.2,72.0,7.7,0.5,rain
322,2022-02-22,Bursa,18.7,44.0,21.3,0.6,cloudy
323,2022-02-24,Bursa,8.1,52.5,16.8,1.7,sunny
324,2022-03-04,Bursa,16.7,61.0,4.2,4.4,sunny
325,2022-03-16,Bursa,3.1,73.0,13.7,0.2,cloudy
326,2022-03-19,Bursa,-2.5,60.0,16.8,0.8,cloudy
327,2022-03-29,Bursa,6.0,71.0,24.5,1.6,sunny
328,2022-04-05,Bursa,22.6,81.0,5.0,0.5,cloudy
329,2022-04-09,Bursa,14.8,44.0,7.7,0.0,sunny
330,2022-04-14,Bursa,12.6,88.0,21.2,0.8,rain
331,2022-04-27,Bursa,16.2,41.0,13.0,1.5,cloudy
332,2022-05-02,Bursa,23.5,71.0,1.6,1.8,sunny
333,2022-05-24,Bursa,4.9,72.0,0.6,1.5,fog
334,2022-06-02,Bursa,14.5,63.0,21.3,1.1,sunny
335,2022-06-03,Bursa,10.7,54.0,2.0,1.7,sunny
336,2022-06-05,Bursa,20.1,76.0,33.0,0.4,cloudy
337,2022-07-09,Bursa,24.6,49.0,14.7,2.2,sunny
338,2022-07-10,Bursa,18.9,36.0,16.9,5.0,sunny
339,2022-07-13,Bursa,12.45,59.0,25.9,1.7,rain
340,2022-08-05,Bursa,6.0,44.0,2.5,3.4,cloudy
341,2022-08-16,Bursa,17.3,59.0,23.8,0.7,sunny
342,2022-08-17,Bursa,-4.3,84.0,21.4,0.0,rain
343,2022-08-25,Bursa,16.1,50.0,12.2,0.3,rain
344,2022-09-18,Bursa,-1.2,53.0,28.5,1.0,sunny
345,2022-11-17,Bursa,23.1,58.0,21.4,6.2,cloudy
346,2022-12-04,Bursa,8.0,64.0,8.4,3.8,sunny
347,2023-01-15,Bursa,13.4,78.0,34.2,2.9,sunny
348,2023-01-26,Bursa,7.9,89.0,30.5,0.1,cloudy
349,2023-01-27,Bursa,17.4,69.0,14.4,0.7,sunny
350,2023-02-07,Bursa,19.2,81.0,23.7,4.0,sunny
351,2023-02-17,Bursa,10.1,100.0,5.6,1.4,sunny
352,2023-02-23,Bursa,29.3,65.0,18.9,1.8,fog
353,2023-03-20,Bursa,25.3,84.0,16.7,1.2,cloudy
354,2023-03-23,Bursa,16.4,64.0,14.5,2.5,fog
355,2023-03-29,Bursa,23.6,65.33333333333333,1.0,0.3,rain
356,2023-03-31,Bursa,9.5,66.66666666666667,20.4,1.3,sunny
357,2023-04-05,Bursa,25.6,68.0,19.5,1.8,rain
358,2023-04-15,Bursa,22.5,45.0,13.1,1.4,sunny
359,2023-04-21,Bursa,22.7,65.0,18.35,1.9,snow
360,2023-05-04,Bursa,34.4,39.0,18.5,0.3,sunny
361,2023-05-06,Bursa,27.7,87.0,21.7,1.3,sunny
362,2023-05-18,Bursa,18.6,82.0,16.5,3.4,rain
363,2023-05-19,Bursa,6.4,78.0,12.1,4.3,sunny
364,2023-05-24,Bursa,3.5,82.0,28.4,1.5,sunny
365,2023-05-31,Bursa,0.6,72.0,14.3,0.7,rain
366,2023-06-09,Bursa,11.9,64.0,15.3,8.0,sunny
367,2023-06-18,Bursa,17.5,51.0,4.8,3.3,cloudy
368,2023-07-08,Bursa,33.8,41.0,0.5,2.0,cloudy
369,2023-07-21,Bursa,18.4,56.0,17.2,2.3,thunderstorm
370,2023-07-28,Bursa,10.7,78.0,12.8,3.9,sunny
371,2023-08-24,Bursa,16.6,67.0,6.8,0.6,rain
372,2023-09-02,Bursa,4.3,54.0,25.5,2.2,sunny
373,2023-09-28,Bursa,18.1,61.0,20.7,4.1,sunny
374,2023-10-08,Bursa,3.6,96.0,3.8,0.2,sunny
375,2023-10-16,Bursa,31.7,35.0,12.3,0.0,cloudy
376,2023-10-18,Bursa,20.35,61.0,22.3,0.6,sunny
377,2023-10-22,Bursa,9.0,74.0,19.950000000000003,1.0,thunderstorm
378,2023-10-24,Bursa,4.9,39.0,17.6,3.3,sunny
379,2023-11-05,Bursa,11.6,60.0,9.8,0.4,sunny
380,2023-11-16,Bursa,4.0,71.0,26.8,1.3,sunny
381,2023-11-28,Bursa,7.0,53.0,2.1,12.7,sunny
382,2023-12-01,Bursa,22.4,80.0,7.1,0.2,rain
383,2023-12-15,Bursa,27.1,70.0,10.2,1.6,fog
384,2023-12-16,Bursa,28.9,93.0,16.3,1.2,sunny
385,2023-12-27,Bursa,29.6,56.0,15.5,9.7,fog
386,2023-12-28,Bursa,0.5,63.0,13.0,0.1,sunny
387,2023-12-30,Bursa,25.6,75.0,6.9,0.8,rain
388,2024-01-29,Bursa,24.6,44.0,22.2,3.3,fog
389,2024-02-03,Bursa,15.850000000000001,65.5,6.05,4.1,sunny
390,2024-02-10,Bursa,24.9,79.0,10.85,10.5,rain
391,2024-02-15,Bursa,15.1,50.0,24.8,4.4,sunny
392,2024-02-24,Bursa,25.3,100.0,13.8,1.5,cloudy
393,2024-03-15,Bursa,18.5,86.0,12.2,0.8,sunny
394,2024-03-26,Bursa,9.1,83.0,21.1,1.3,sunny
395,2024-04-02,Bursa,26.3,52.0,11.9,7.2,sunny
396,2024-04-04,Bursa,15.4,69.0,16.1,2.6,rain
397,2024-05-01,Bursa,16.0,88.0,10.1,1.6,snow
398,2024-05-16,Bursa,25.6,62.0,23.2,0.9,sunny
399,2024-05-20,Bursa,8.1,88.0,7.7,2.5,snow
400,2024-05-22,Bursa,25.7,58.0,16.9,3.3,sunny
401,2024-06-18,Bursa,16.7,54.0,25.0,3.7,cloudy
402,2024-07-03,Bursa,6.0,50.0,3.0,0.4,snow
403,2024-07-13,Bursa,27.7,73.0,22.5,1.9,cloudy
404,2024-08-09,Bursa,36.1,76.0,17.7,2.9,sunny
405,2024-08-12,Bursa,17.5,74.0,15.7,2.6,sunny
406,2024-09-19,Bursa,2.2,59.0,16.9,3.8,sunny
407,2024-09-29,Bursa,3.0,81.0,15.6,1.0,sunny
408,2024-10-08,Bursa,1.2,88.0,15.9,1.5,sunny
409,2024-11-04,Bursa,30.9,60.0,22.1,0.6,sunny
410,2024-11-08,Bursa,17.6,53.0,6.0,1.5,cloudy
411,2024-11-14,Bursa,5.9,56.0,25.5,2.8,thunderstorm
412,2024-11-22,Bursa,6.6,62.0,18.9,1.1,fog
413,2024-11-25,Bursa,1.4,86.0,12.399999999999999,0.0,sunny
414,2024-12-02,Bursa,-1.1,68.0,5.9,0.4,cloudy
415,2024-12-17,Bursa,18.15,71.5,7.15,4.4,sunny
416,2024-12-22,Bursa,22.2,60.0,14.0,0.8,rain
417,2024-12-31,Bursa,22.2,59.0,9.3,0.1,cloudy
418,2022-01-10,Konya,16.8,100.0,12.8,1.6,sunny
419,2022-01-11,Konya,13.2,31.0,10.3,0.1,cloudy
420,2022-01-23,Konya,11.0,47.0,23.9,0.8,cloudy
421,2022-02-05,Konya,11.8,80.0,33.7,0.3,rain
422,2022-02-07,Konya,16.5,46.0,20.2,0.8,cloudy
423,2022-02-08,Konya,0.6,62.0,16.4,1.7,sunny
424,2022-02-10,Konya,19.3,88.0,8.1,0.1,rain
425,2022-03-08,Konya,18.5,61.0,9.8,1.2,sunny
426,2022-03-19,Konya,16.8,89.0,13.5,0.1,rain
427,2022-03-23,Konya,13.4,71.0,19.7,1.7,sunny
428,2022-04-05,Konya,24.7,70.0,5.3,0.5,rain
429,2022-04-06,Konya,18.2,59.0,15.2,0.6,sunny
430,2022-04-14,Konya,5.6,71.0,0.5,1.6,cloudy
431,2022-05-06,Konya,5.7,62.0,20.0,0.9,cloudy
432,2022-05-15,Konya,13.0,43.0,5.0,0.7,sunny
433,2022-05-18,Konya,33.8,79.0,11.4,0.2,sunny
434,2022-06-15,Konya,1.5,52.0,12.1,1.0,sunny
435,2022-07-11,Konya,21.3,53.0,21.3,2.8,rain
436,2022-07-22,Konya,10.0,79.0,22.7,5.2,fog
437,2022-08-06,Konya,12.3,70.0,18.3,0.5,rain
438,2022-09-10,Konya,4.2,50.0,1.1,0.3,sunny
439,2022-09-18,Konya,14.7,85.0,9.3,1.3,snow
440,2022-09-25,Konya,20.2,50.0,10.8,3.1,sunny
441,2022-10-04,Konya,8.3,90.0,19.2,3.6,sunny
442,2022-10-07,Konya,11.5,78.0,8.6,3.6,rain
443,2022-10-23,Konya,18.3,64.0,7.6,2.8,cloudy
444,2022-10-29,Konya,11.3,50.0,12.6,2.7,fog
445,2022-11-26,Konya,31.3,68.0,12.2,0.3,sunny
446,2022-11-30,Konya,22.3,61.0,10.9,2.6,rain
447,2022-12-03,Konya,21.5,51.0,15.5,2.3,sunny
448,2023-01-28,Konya,21.4,85.0,22.1,0.7,thunderstorm
449,2023-01-31,Konya,22.8,77.0,7.6,6.4,sunny
450,2023-02-05,Konya,17.9,82.5,15.5,1.0,sunny
451,2023-02-12,Konya,17.9,88.0,30.1,1.2,sunny
452,2023-03-05,Konya,15.5,80.0,20.4,1.4,cloudy
453,2023-03-11,Konya,7.4,64.0,16.0,0.4,fog
454,2023-03-28,Konya,3.5,79.0,16.4,0.0,sunny
455,2023-04-13,Konya,12.8,64.0,20.8,0.2,sunny
456,2023-05-05,Konya,9.4,59.0,25.5,2.6,sunny
457,2023-05-18,Konya,11.3,65.0,11.5,0.6,sunny
458,2023-05-27,Konya,9.2,64.0,26.1,1.4,sunny
459,2023-05-29,Konya,15.4,83.0,6.4,5.3,cloudy
460,2023-06-01,Konya,33.8,47.0,21.5,1.1,thunderstorm
461,2023-07-01,Konya,14.2,76.0,22.7,2.4,sunny
462,2023-07-02,Konya,31.9,59.0,38.2,0.2,rain
463,2023-07-06,Konya,29.5,45.0,11.2,5.1,thunderstorm
464,2023-07-19,Konya,5.0,64.0,10.5,0.2,rain
465,2023-08-11,Konya,11.2,64.0,25.9,3.7,sunny
466,2023-09-16,Konya,9.1,59.0,14.5,0.2,sunny
467,2023-09-20,Konya,-3.3,64.0,11.2,1.3,rain
468,2023-10-03,Konya,21.7,64.0,21.4,1.0,rain
469,2023-10-24,Konya,14.2,41.0,12.1,3.6,sunny
470,2023-10-29,Konya,16.9,78.0,15.4,4.5,thunderstorm
471,2023-11-03,Konya,27.9,77.0,13.4,0.9,rain
472,2023-11-13,Konya,20.9,75.0,19.35,7.1000000000000005,sunny
473,2023-11-18,Konya,31.7,70.0,26.575,6.0,fog
474,2023-11-22,Konya,22.4,44.0,33.8,5.0,cloudy
475,2023-11-30,Konya,7.1,61.0,16.8,3.9,snow
476,2023-12-18,Konya,24.3,70.0,10.0,1.0,sunny
477,2023-12-19,Konya,14.5,63.0,19.0,1.3,sunny
478,2024-01-05,Konya,15.0,68.0,14.9,1.7,sunny
479,2024-01-10,Konya,3.8,73.0,5.1,0.1,fog
480,2024-01-21,Konya,18.1,86.0,1.5,1.3,fog
481,2024-01-22,Konya,6.6,67.0,14.7,0.4,sunny
482,2024-01-24,Konya,8.8,80.0,6.8,0.2,cloudy
483,2024-01-29,Konya,2.2,44.0,0.7,0.4,cloudy
484,2024-02-16,Konya,12.3,70.0,19.1,0.3,sunny
485,2024-03-04,Konya,15.0,98.0,21.8,1.2,sunny
486,2024-03-24,Konya,14.6,42.0,27.0,0.4,sunny
487,2024-03-25,Konya,5.0,48.0,29.4,0.1,rain
488,2024-03-26,Konya,12.6,64.0,5.3,5.5,rain
489,2024-04-01,Konya,23.4,75.0,22.0,1.1,sunny
490,2024-04-06,Konya,8.9,58.0,28.4,0.7,sunny
491,2024-04-07,Konya,-2.9,47.0,25.3,5.0,sunny
492,2024-04-13,Konya,10.6,57.0,18.8,3.1,cloudy
493,2024-05-02,Konya,24.0,56.0,24.7,3.2,sunny
494,2024-05-10,Konya,5.1,24.0,6.5,1.3,sunny
495,2024-05-26,Konya,17.7,85.0,3.9,0.6,cloudy
496,2024-05-30,Konya,23.4,84.0,30.5,3.4,sunny
497,2024-06-14,Konya,16.4,66.0,14.7,2.8,cloudy
498,2024-06-20,Konya,6.6,49.0,17.8,1.4,snow
499,2024-07-02,Konya,12.0,65.0,3.6,2.4,cloudy
500,2024-07-13,Konya,8.8,85.0,11.7,0.2,cloudy
501,2024-07-16,Konya,12.9,60.0,32.1,4.7,cloudy
502,2024-07-17,Konya,24.4,73.0,11.5,2.9,cloudy
503,2024-07-25,Konya,23.0,84.0,19.6,4.3,fog
504,2024-07-28,Konya,16.3,77.0,13.1,2.6,snow
505,2024-08-15,Konya,24.5,51.0,16.0,4.9,cloudy
506,2024-08-19,Konya,0.9,62.5,8.7,1.0,rain
507,2024-08-26,Konya,16.7,74.0,20.4,0.2,rain
508,2024-08-27,Konya,17.0,83.0,33.1,0.2,thunderstorm
509,2024-09-08,Konya,3.9,91.0,10.9,4.0,sunny
510,2024-09-10,Konya,12.4,50.0,28.3,0.6,rain
511,2024-09-11,Konya,7.7,67.0,13.2,3.7,cloudy
512,2024-10-03,Konya,18.3,63.0,9.6,3.2,snow
513,2024-10-13,Konya,31.9,61.0,18.9,3.3,sunny
514,2024-10-17,Konya,17.6,66.0,17.0,2.6,sunny
515,2024-10-25,Konya,18.9,70.0,10.2,4.1,sunny
516,2024-11-08,Konya,20.2,69.0,21.3,1.0,sunny
517,2024-11-10,Konya,25.7,74.0,13.5,1.8,sunny
518,2024-11-11,Konya,19.95,99.0,22.3,2.6,thunderstorm
519,2024-12-05,Konya,14.2,83.0,14.3,0.9,sunny
520,2022-01-01,Trabzon,13.3,64.0,14.929198198198199,0.5,cloudy
521,2022-01-02,Trabzon,11.8,63.0,0.5,0.3,sunny
522,2022-01-06,Trabzon,10.3,70.0,19.0,2.6,sunny
523,2022-01-08,Trabzon,30.7,59.0,19.1,0.4,rain
524,2022-01-10,Trabzon,9.1,36.0,8.9,2.9,sunny
525,2022-01-21,Trabzon,8.1,73.0,10.350000000000001,0.8,sunny
526,2022-02-01,Trabzon,26.7,55.0,11.8,0.8,snow
527,2022-02-16,Trabzon,12.9,61.0,5.6,0.0,sunny
528,2022-02-23,Trabzon,0.7,68.0,14.6,0.7,cloudy
529,2022-03-21,Trabzon,7.1,71.5,11.7,1.2,snow
530,2022-03-27,Trabzon,25.5,75.0,12.4,3.7,thunderstorm
531,2022-03-28,Trabzon,13.6,48.0,14.2,4.3,sunny
532,2022-04-04,Trabzon,1.7,85.0,15.5,1.3,cloudy
533,2022-04-13,Trabzon,18.7,95.0,3.6,1.6,thunderstorm
534,2022-04-21,Trabzon,28.7,65.0,10.2,0.2,cloudy
535,2022-05-08,Trabzon,-2.5,75.0,4.9,0.2,cloudy
536,2022-05-13,Trabzon,22.3,81.0,24.2,0.3,rain
537,2022-05-20,Trabzon,-14.2,68.0,15.0,0.6,rain
538,2022-05-26,Trabzon,22.4,93.0,7.7,2.1,cloudy
539,2022-05-27,Trabzon,19.5,65.0,4.4,2.1,cloudy
540,2022-06-01,Trabzon,-0.6,81.0,14.3,1.1,snow
541,2022-06-11,Trabzon,22.8,74.0,12.5,3.3,sunny
542,2022-06-16,Trabzon,-12.1,60.0,18.5,0.2,sunny
543,2022-06-19,Trabzon,4.8,66.0,10.6,0.0,sunny
544,2022-06-26,Trabzon,19.6,61.0,14.3,6.8,sunny
545,2022-06-30,Trabzon,21.3,67.0,13.1,0.6,sunny
546,2022-07-01,Trabzon,11.0,73.0,23.2,0.8,cloudy
547,2022-07-17,Trabzon,22.3,60.0,12.1,3.3,rain
548,2022-08-03,Trabzon,22.0,57.0,15.5,3.6,sunny
549,2022-08-05,Trabzon,25.8,61.0,23.1,7.3,sunny
550,2022-08-06,Trabzon,22.0,76.0,9.4,3.1,fog
551,2022-08-08,Trabzon,26.4,85.0,6.9,0.9,cloudy
552,2022-08-24,Trabzon,19.55,66.5,13.0,3.5,rain
553,2022-09-11,Trabzon,4.9,85.0,8.4,6.9,sunny
554,2022-09-15,Trabzon,26.6,34.0,1.2,1.3,sunny
555,2022-09-16,Trabzon,28.7,50.0,8.9,0.5,sunny
556,2022-11-14,Trabzon,12.3,73.0,0.2,0.2,sunny
557,2022-12-02,Trabzon,17.7,59.0,19.5,0.1,rain
558,2022-12-07,Trabzon,-8.9,52.0,8.0,0.3,sunny
559,2022-12-12,Trabzon,12.6,54.0,14.0,0.5,rain
560,2022-12-13,Trabzon,6.1,36.0,15.0,7.3,sunny
561,2022-12-22,Trabzon,17.1,59.0,25.5,1.8,sunny
562,2023-01-06,Trabzon,2.1,50.0,17.0,0.9,sunny
563,2023-01-15,Trabzon,4.4,55.0,6.5,0.0,sunny
564,2023-01-20,Trabzon,18.0,77.0,5.4,3.2,sunny
565,2023-01-21,Trabzon,18.4,84.0,11.2,0.3,sunny
566,2023-01-31,Trabzon,17.6,53.0,21.6,8.0,cloudy
567,2023-02-04,Trabzon,23.5,88.0,27.4,0.0,cloudy
568,2023-02-05,Trabzon,37.0,67.0,15.3,0.7,fog
569,2023-03-25,Trabzon,11.7,61.0,8.1,0.5,sunny
570,2023-04-01,Trabzon,18.5,60.0,29.2,1.8,sunny
571,2023-04-05,Trabzon,-2.0,60.0,22.3,0.3,fog
572,2023-04-06,Trabzon,6.3,66.0,15.7,0.0,rain
573,2023-04-16,Trabzon,15.9,44.0,19.3,2.3,snow
574,2023-05-08,Trabzon,18.1,65.0,31.1,3.8,sunny
575,2023-05-26,Trabzon,28.35,72.0,9.6,1.1,thunderstorm
576,2023-06-22,Trabzon,38.6,46.0,23.5,0.6,fog
577,2023-07-04,Trabzon,21.8,56.0,23.6,0.0,cloudy
578,2023-07-17,Trabzon,9.65,74.5,8.3,8.2,sunny
579,2023-08-04,Trabzon,28.4,63.0,12.3,0.7,fog
580,2023-08-10,Trabzon,1.8,64.0,23.0,1.4,sunny
581,2023-08-13,Trabzon,25.4,65.0,23.8,5.3,sunny
582,2023-08-16,Trabzon,-7.8,70.0,7.8,2.2,rain
583,2023-09-15,Trabzon,-5.0,84.0,8.5,0.8,cloudy
584,2023-10-04,Trabzon,-2.1999999999999993,63.0,17.5,2.9,fog
585,2023-10-23,Trabzon,0.6,50.0,13.3,1.0,sunny
586,2023-10-26,Trabzon,-1.6,70.0,9.1,0.3,rain
587,2023-10-28,Trabzon,2.0,64.0,18.7,3.3,cloudy
588,2023-11-15,Trabzon,14.9,67.0,13.5,2.7,cloudy
589,2023-11-16,Trabzon,8.8,61.0,17.3,1.9,sunny
590,2023-11-29,Trabzon,15.0,67.0,9.8,4.5,fog
591,2023-12-05,Trabzon,21.2,90.0,20.0,0.1,fog
592,2023-12-28,Trabzon,15.7,79.5,16.7,3.2,sunny
593,2024-01-06,Trabzon,6.5,69.0,17.2,3.1,snow
594,2024-02-01,Trabzon,-6.2,95.0,18.9,0.2,cloudy
595,2024-02-08,Trabzon,10.0,70.0,19.2,0.0,sunny
596,2024-03-01,Trabzon,27.8,60.0,19.5,0.0,cloudy
597,2024-03-12,Trabzon,14.0,99.0,23.5,10.4,sunny
598,2024-04-03,Trabzon,4.5,94.0,14.3,0.8,sunny
599,2024-04-08,Trabzon,24.6,75.0,27.0,0.0,thunderstorm
600,2024-04-27,Trabzon,8.8,48.0,8.2,1.4,sunny
601,2024-05-08,Trabzon,7.8,51.0,2.0,2.3,sunny
602,2024-05-13,Trabzon,2.9,56.5,8.0,1.4,sunny
603,2024-05-21,Trabzon,10.2,62.0,24.8,1.7,rain
604,2024-05-28,Trabzon,27.5,66.0,15.6,2.8,thunderstorm
605,2024-06-02,Trabzon,37.0,91.0,10.9,1.5,rain
606,2024-06-06,Trabzon,2.5,50.0,6.6,4.4,cloudy
607,2024-06-10,Trabzon,6.1,75.0,16.2,1.1,sunny
608,2024-06-16,Trabzon,14.5,50.0,6.0,1.7,cloudy
609,2024-07-11,Trabzon,27.9,66.0,11.0,1.0,sunny
610,2024-07-24,Trabzon,16.0,44.0,26.8,0.3,sunny
611,2024-08-12,Trabzon,20.3,84.0,9.3,2.2,sunny
612,2024-09-04,Trabzon,2.6,55.0,1.2,1.9,sunny
613,2024-09-16,Trabzon,10.5,45.0,20.3,0.3,cloudy
614,2024-10-05,Trabzon,18.4,70.0,17.9,1.3,cloudy
615,2024-10-17,Trabzon,27.6,67.0,11.9,0.7,cloudy
616,2024-10-28,Trabzon,-0.6,63.0,18.7,0.1,snow
617,2024-11-04,Trabzon,6.6,62.0,15.2,3.0,rain
618,2024-12-12,Trabzon,18.7,59.0,13.4,0.9,sunny
619,2022-01-04,İstanbul,23.0,81.0,19.6,3.4,cloudy
620,2022-01-09,İstanbul,21.8,78.0,7.6,0.2,rain
621,2022-01-23,İstanbul,10.8,60.0,19.5,3.3,fog
622,2022-01-29,İstanbul,-8.2,46.0,13.3,1.7,fog
623,2022-02-03,İstanbul,21.5,80.0,19.5,2.2,sunny
624,2022-02-10,İstanbul,19.0,88.0,9.8,0.8,sunny
625,2022-02-20,İstanbul,19.2,81.0,21.7,0.1,cloudy
626,2022-02-28,İstanbul,0.9,67.0,5.8,3.3,cloudy
627,2022-03-06,İstanbul,13.4,62.0,20.1,5.5,sunny
628,2022-03-10,İstanbul,20.2,57.0,28.0,1.1,cloudy
629,2022-03-16,İstanbul,11.649999999999999,66.0,9.7,4.8,thunderstorm
630,2022-03-22,İstanbul,6.5,55.0,13.549999999999999,0.0,sunny
631,2022-03-30,İstanbul,13.5,81.0,17.4,3.0,cloudy
632,2022-04-02,İstanbul,23.1,65.0,1.2,2.0,sunny
633,2022-04-06,İstanbul,10.4,82.0,13.6,1.3,rain
634,2022-04-09,İstanbul,14.25,56.0,9.9,1.0,sunny
635,2022-04-21,İstanbul,18.1,58.0,10.6,2.3,sunny
636,2022-04-25,İstanbul,19.0,73.0,24.9,0.5,sunny
637,2022-04-30,İstanbul,40.5,77.0,13.1,0.0,sunny
638,2022-05-07,İstanbul,9.4,95.0,21.0,3.7,sunny
639,2022-05-08,İstanbul,7.2,57.0,15.3,0.0,snow
640,2022-05-10,İstanbul,29.9,54.0,3.3,1.0,sunny
641,2022-05-11,İstanbul,6.2,50.0,4.6,1.5,cloudy
642,2022-05-25,İstanbul,10.8,80.0,29.2,3.9,sunny
643,2022-06-06,İstanbul,22.9,69.0,3.0,3.6,sunny
644,2022-06-10,İstanbul,15.4,58.0,16.6,0.2,sunny
645,2022-06-11,İstanbul,-9.1,57.0,17.3,0.3,sunny
646,2022-06-22,İstanbul,11.75,61.0,18.0,2.3,snow
647,2022-07-21,İstanbul,25.7,81.0,6.1,2.8,sunny
648,2022-07-27,İstanbul,23.6,69.0,6.7,4.4,sunny
649,2022-08-13,İstanbul,22.4,64.0,25.8,1.0,fog
650,2022-08-16,İstanbul,-2.8,55.0,0.2,2.0,fog
651,2022-08-19,İstanbul,-6.3,81.0,14.1,1.3,cloudy
652,2022-08-21,İstanbul,9.5,50.0,16.4,2.3,sunny
653,2022-08-30,İstanbul,16.4,65.0,11.1,0.4,sunny
654,2022-09-03,İstanbul,2.1,46.0,10.0,0.0,sunny
655,2022-09-04,İstanbul,8.5,46.0,13.2,2.2,rain
656,2022-09-06,İstanbul,7.7,64.0,16.75,1.4,sunny
657,2022-09-10,İstanbul,22.3,90.0,23.4,0.0,rain
658,2022-09-13,İstanbul,24.0,37.0,15.8,3.9,sunny
659,2022-09-21,İstanbul,11.2,71.0,21.0,0.0,rain
660,2022-10-11,İstanbul,23.5,55.0,12.7,3.2,fog
661,2022-10-12,İstanbul,2.25,56.0,20.55,8.3,sunny
662,2022-10-16,İstanbul,18.6,68.0,14.4,1.9,cloudy
663,2022-10-21,İstanbul,2.4,71.0,16.5,2.2,snow
664,2022-11-11,İstanbul,37.6,55.0,22.8,1.6,rain
665,2022-11-17,İstanbul,23.3,70.0,26.5,1.8,sunny
666,2022-11-23,İstanbul,29.6,73.0,12.9,0.1,sunny
667,2022-12-04,İstanbul,20.4,85.0,15.5,2.9,cloudy
668,2022-12-05,İstanbul,6.4,66.0,19.9,0.2,cloudy
669,2022-12-08,İstanbul,30.4,47.0,17.3,3.7,rain
670,2022-12-12,İstanbul,30.75,53.0,24.0,0.0,sunny
671,2022-12-16,İstanbul,31.1,83.0,27.8,0.7,sunny
672,2022-12-24,İstanbul,17.2,76.0,20.7,1.1,sunny
673,2022-12-29,İstanbul,1.1500000000000001,61.5,12.8,0.7,fog
674,2023-01-14,İstanbul,11.975000000000001,56.0,21.5,2.5,cloudy
675,2023-01-22,İstanbul,22.8,71.0,28.0,0.4,sunny
676,2023-01-23,İstanbul,7.0,66.5,24.8,2.3,sunny
677,2023-01-24,İstanbul,18.0,62.0,18.6,6.5,fog
678,2023-02-01,İstanbul,15.2,58.5,21.4,4.800000000000001,rain
679,2023-02-06,İstanbul,7.949999999999999,69.0,9.1,1.2000000000000002,sunny
680,2023-02-08,İstanbul,12.025,49.0,23.9,2.1,cloudy
681,2023-02-24,İstanbul,16.1,35.0,13.7,2.3,cloudy
682,2023-03-14,İstanbul,27.4,69.0,17.5,0.1,sunny
683,2023-03-18,İstanbul,27.7,59.0,0.6,3.0,sunny
684,2023-04-01,İstanbul,8.0,60.0,0.9,4.4,sunny
685,2023-04-12,İstanbul,15.8,87.0,15.4,0.1,fog
686,2023-04-16,İstanbul,29.8,75.0,4.7,8.0,fog
687,2023-05-03,İstanbul,28.1,68.0,6.4,2.7,cloudy
688,2023-05-12,İstanbul,11.4,89.0,7.2,0.2,cloudy
689,2023-05-17,İstanbul,5.3,68.0,15.2,1.6,sunny
690,2023-05-20,İstanbul,18.9,56.0,13.2,3.0,sunny
691,2023-05-28,İstanbul,1.2,90.0,11.2,1.1,sunny
692,2023-06-06,İstanbul,16.3,75.0,18.3,0.0,sunny
693,2023-06-16,İstanbul,25.6,74.0,14.4,1.4,cloudy
694,2023-06-21,İstanbul,20.0,52.0,18.15,8.7,sunny
695,2023-06-25,İstanbul,12.9,55.0,21.0,0.1,rain
696,2023-07-11,İstanbul,5.6,79.0,25.1,0.0,sunny
697,2023-07-18,İstanbul,15.9,67.0,4.2,1.3,fog
698,2023-07-29,İstanbul,36.1,72.0,20.8,0.0,fog
699,2023-08-02,İstanbul,10.8,51.0,12.3,3.2,sunny
700,2023-08-11,İstanbul,-7.0,38.0,2.3,1.2,cloudy
701,2023-08-16,İstanbul,9.3,58.0,10.0,0.4,sunny
702,2023-08-19,İstanbul,32.2,50.0,4.2,0.2,snow
703,2023-08-30,İstanbul,20.8,58.0,15.1,0.0,sunny
704,2023-09-05,İstanbul,21.9,68.0,20.8,0.0,cloudy
705,2023-09-20,İstanbul,9.3,43.0,21.9,0.9,sunny
706,2023-09-24,İstanbul,27.3,95.0,5.1,0.3,rain
707,2023-09-26,İstanbul,16.55,69.5,11.450000000000001,4.4,cloudy
708,2023-10-02,İstanbul,20.3,58.0,11.0,0.4,sunny
709,2023-10-07,İstanbul,23.6,78.0,30.0,0.0,sunny
710,2023-10-10,İstanbul,16.4,83.0,3.8,1.0,snow
711,2023-10-16,İstanbul,9.2,54.0,4.9,5.4,sunny
712,2023-10-21,İstanbul,32.2,68.0,11.4,1.2,rain
713,2023-10-26,İstanbul,2.2,76.0,0.5,3.2,cloudy
714,2023-10-28,İstanbul,10.75,87.0,23.7,2.4,sunny
715,2023-10-30,İstanbul,19.3,52.0,16.2,2.7,fog
716,2023-11-15,İstanbul,15.3,53.0,13.2,0.2,rain
717,2023-11-19,İstanbul,12.4,70.0,0.1,0.9,sunny
718,2023-12-01,İstanbul,15.5,88.0,15.9,1.6,snow
719,2023-12-04,İstanbul,16.3,76.0,24.9,0.2,fog
720,2023-12-10,İstanbul,23.6,100.0,21.7,1.1,sunny
721,2023-12-13,İstanbul,25.65,61.0,4.7,4.4,sunny
722,2023-12-15,İstanbul,27.7,22.0,15.1,1.9,cloudy
723,2023-12-22,İstanbul,4.1,93.0,8.0,1.2,snow
724,2023-12-31,İstanbul,-4.5,70.0,23.0,2.2,sunny
725,2024-01-02,İstanbul,16.7,53.0,10.7,0.3,cloudy
726,2024-01-06,İstanbul,7.6,39.0,0.2,0.9,rain
727,2024-01-09,İstanbul,9.9,36.0,18.5,1.2,snow
728,2024-01-13,İstanbul,2.2,87.0,9.0,0.8,sunny
729,2024-01-18,İstanbul,22.6,85.0,21.2,11.2,thunderstorm
730,2024-01-19,İstanbul,6.9,90.0,6.2,2.4,sunny
731,2024-01-20,İstanbul,10.600000000000001,51.0,14.049999999999999,4.8,cloudy
732,2024-01-31,İstanbul,25.7,57.0,16.1,0.1,sunny
733,2024-02-02,İstanbul,29.6,45.0,15.3,0.0,sunny
734,2024-02-06,İstanbul,14.3,82.0,17.8,2.8,sunny
735,2024-02-09,İstanbul,22.8,38.0,12.0,1.9,snow
736,2024-02-13,İstanbul,8.3,66.0,14.0,1.0,cloudy
737,2024-02-19,İstanbul,13.8,63.0,15.1,1.0,cloudy
738,2024-02-24,İstanbul,29.8,53.0,15.0,2.6,cloudy
739,2024-03-04,İstanbul,7.9,38.0,7.2,1.8,cloudy
740,2024-03-10,İstanbul,15.966666666666669,62.333333333333336,26.066666666666663,4.1,cloudy
741,2024-03-11,İstanbul,16.5,81.0,16.3,1.7,cloudy
742,2024-03-16,İstanbul,19.0,66.33333333333333,26.900000000000002,5.9,sunny
743,2024-03-24,İstanbul,15.0,58.0,8.4,0.0,sunny
744,2024-03-25,İstanbul,34.3,33.0,10.6,1.3,sunny
745,2024-04-02,İstanbul,7.0,75.0,11.9,0.0,rain
746,2024-04-03,İstanbul,22.9,59.0,14.7,0.0,sunny
747,2024-04-10,İstanbul,8.0,58.0,20.4,1.5,sunny
748,2024-04-23,İstanbul,25.5,65.0,39.7,1.3,sunny
749,2024-04-24,İstanbul,16.3,77.0,13.6,0.8,fog
750,2024-04-28,İstanbul,10.0,73.0,21.6,0.3,rain
751,2024-05-02,İstanbul,27.0,65.0,14.7,0.3,snow
752,2024-05-03,İstanbul,-0.9,64.0,29.1,2.4,fog
753,2024-05-13,İstanbul,16.1,43.0,11.8,2.6,sunny
754,2024-05-16,İstanbul,23.6,80.0,19.1,0.0,rain
755,2024-05-26,İstanbul,25.6,54.0,20.0,1.6,fog
756,2024-05-28,İstanbul,8.2,68.0,4.7,0.9,fog
757,2024-06-02,İstanbul,17.8,45.0,12.0,0.2,cloudy
758,2024-06-09,İstanbul,14.5,90.0,9.55,4.4,cloudy
759,2024-06-16,İstanbul,9.1,88.0,7.1,1.6,rain
760,2024-06-18,İstanbul,34.2,49.0,2.2,1.4,cloudy
761,2024-06-28,İstanbul,30.0,65.0,7.7,0.7,sunny
762,2024-06-29,İstanbul,23.5,36.0,13.2,6.4,fog
763,2024-06-30,İstanbul,17.3,89.0,0.9,2.6,cloudy
764,2024-07-06,İstanbul,10.4,77.0,1.9,0.6,snow
765,2024-07-07,İstanbul,6.4,78.0,8.6,0.0,rain
766,2024-07-09,İstanbul,18.0,78.0,15.3,2.0,cloudy
767,2024-07-17,İstanbul,13.6,42.0,26.6,1.8,rain
768,2024-07-22,İstanbul,12.3,54.0,16.3,4.2,cloudy
769,2024-07-24,İstanbul,6.9,57.5,4.5,0.5,sunny
770,2024-07-27,İstanbul,35.5,61.0,18.1,0.9,cloudy
771,2024-08-15,İstanbul,34.4,75.5,15.5,3.2,sunny
772,2024-08-16,İstanbul,5.4,58.0,13.5,1.1,cloudy
773,2024-08-24,İstanbul,28.0,64.0,21.2,2.6,sunny
774,2024-08-25,İstanbul,25.9,49.0,3.7,3.4,cloudy
775,2024-08-28,İstanbul,10.2,61.0,25.5,8.2,cloudy
776,2024-09-02,İstanbul,20.1,64.0,7.9,0.0,sunny
777,2024-09-07,İstanbul,8.3,50.0,15.1,0.1,snow
778,2024-09-09,İstanbul,5.6,69.0,14.1,0.2,cloudy
779,2024-09-10,İstanbul,16.3,85.0,17.6,0.7,sunny
780,2024-09-14,İstanbul,12.0,65.0,8.4,2.7,cloudy
781,2024-09-22,İstanbul,7.7,77.0,6.8,0.1,cloudy
782,2024-09-23,İstanbul,10.4,59.5,21.5,3.0,sunny
783,2024-09-29,İstanbul,13.7,65.0,34.7,3.4,sunny
784,2024-10-09,İstanbul,16.2,76.0,11.5,1.8,sunny
785,2024-10-10,İstanbul,21.6,69.0,23.6,2.0,cloudy
786,2024-10-12,İstanbul,3.1,39.0,5.2,2.1,thunderstorm
787,2024-10-13,İstanbul,11.6,62.0,16.0,0.7,rain
788,2024-10-14,İstanbul,26.5,61.0,12.0,1.4,cloudy
789,2024-10-16,İstanbul,2.1,51.0,15.4,2.1,fog
790,2024-10-17,İstanbul,10.3,61.0,12.5,2.6,thunderstorm
791,2024-10-25,İstanbul,14.3,43.0,14.4,1.8,cloudy
792,2024-10-28,İstanbul,18.3,76.0,14.6,0.3,cloudy
793,2024-11-01,İstanbul,21.0,46.0,22.1,5.2,thunderstorm
794,2024-11-04,İstanbul,-3.8,51.0,11.7,0.9,sunny
795,2024-11-17,İstanbul,15.5,63.0,14.5,1.3,fog
796,2024-11-26,İstanbul,18.4,68.0,19.8,0.6,thunderstorm
797,2024-11-28,İstanbul,3.5333333333333328,78.5,12.5,3.5,sunny
798,2024-12-08,İstanbul,9.9,77.0,24.0,3.4,sunny
799,2024-12-12,İstanbul,20.8,54.0,35.0,2.0,fog
800,2024-12-13,İstanbul,9.0,61.0,11.0,0.2,sunny
801,2025-01-04,İstanbul,12.0,44.0,18.0,0.6,cloudy
802,2022-01-05,İzmir,30.0,41.0,9.4,1.4,fog
803,2022-01-12,İzmir,3.2,74.0,7.6,3.0,cloudy
804,2022-01-25,İzmir,26.4,57.0,17.1,4.5,sunny
805,2022-01-28,İzmir,20.3,44.0,17.15,5.5,cloudy
806,2022-02-04,İzmir,-4.4,85.0,8.5,3.4,sunny
807,2022-02-16,İzmir,0.2,69.0,11.9,1.0,sunny
808,2022-02-17,İzmir,8.15,70.0,14.8,0.7,sunny
809,2022-02-20,İzmir,16.1,65.0,25.3,1.2,cloudy
810,2022-02-25,İzmir,24.5,49.0,11.8,2.1,sunny
811,2022-02-27,İzmir,7.4,68.0,0.0,0.1,sunny
812,2022-03-17,İzmir,-1.9,55.0,16.2,0.8,sunny
813,2022-03-31,İzmir,2.8,40.0,13.8,2.0,sunny
814,2022-04-01,İzmir,16.4,52.0,11.4,3.9,sunny
815,2022-04-06,İzmir,23.9,59.0,9.9,0.8,rain
816,2022-04-19,İzmir,-4.2,74.0,26.0,1.3,sunny
817,2022-04-21,İzmir,15.6,63.0,7.8,8.2,rain
818,2022-04-24,İzmir,19.6,55.0,4.7,1.4,cloudy
819,2022-04-27,İzmir,22.6,57.0,3.6,0.0,sunny
820,2022-05-24,İzmir,16.6,59.0,8.0,0.6,sunny
821,2022-05-25,İzmir,19.2,65.0,10.2,0.4,cloudy
822,2022-05-27,İzmir,8.2,95.0,17.0,1.0,snow
823,2022-05-30,İzmir,14.1,74.0,16.7,0.7,sunny
824,2022-05-31,İzmir,8.2,57.0,11.3,0.7,sunny
825,2022-06-04,İzmir,-10.9,27.0,17.7,0.2,sunny
826,2022-06-26,İzmir,32.6,72.0,23.299999999999997,6.0,sunny
827,2022-07-03,İzmir,22.9,36.0,28.9,2.4,fog
828,2022-07-21,İzmir,8.0,50.0,13.7,1.7,sunny
829,2022-07-25,İzmir,10.2,71.0,21.0,6.3,sunny
830,2022-07-26,İzmir,18.7,49.0,11.6,0.3,sunny
831,2022-08-04,İzmir,8.5,81.0,14.9,2.7,cloudy
832,2022-08-12,İzmir,16.1,67.0,5.9,0.9,rain
833,2022-08-31,İzmir,22.1,92.0,19.9,3.8,rain
834,2022-09-01,İzmir,6.8,28.0,6.5,0.0,sunny
835,2022-09-07,İzmir,16.4,72.0,9.1,1.6,thunderstorm
836,2022-09-22,İzmir,26.4,60.0,0.3,1.3,sunny
837,2022-09-27,İzmir,30.7,54.0,12.0,7.2,sunny
838,2022-10-07,İzmir,4.9,72.0,1.6,1.5,sunny
839,2022-11-09,İzmir,28.450000000000003,63.5,20.05,3.8000000000000003,sunny
840,2022-11-27,İzmir,28.1,67.0,14.1,14.4,fog
841,2022-12-16,İzmir,-1.9,78.0,15.5,1.1,sunny
842,2023-01-31,İzmir,14.6,80.0,6.4,2.8,sunny
843,2023-02-02,İzmir,35.4,68.0,20.6,2.1,fog
844,2023-02-05,İzmir,13.2,56.0,19.6,3.5,cloudy
845,2023-02-11,İzmir,17.2,70.0,9.1,1.8,cloudy
846,2023-03-08,İzmir,20.8,87.0,14.8,2.3,sunny
847,2023-03-18,İzmir,10.7,84.0,8.9,1.5,cloudy
848,2023-03-21,İzmir,27.1,62.0,16.2,1.6,rain
849,2023-04-02,İzmir,35.3,72.0,14.9,0.1,fog
850,2023-04-18,İzmir,11.8,61.0,21.9,2.8,cloudy
851,2023-04-19,İzmir,14.3,68.0,12.5,0.2,sunny
852,2023-04-20,İzmir,23.5,52.0,12.8,1.8,snow
853,2023-04-21,İzmir,15.7,65.0,19.6,0.7,sunny
854,2023-04-22,İzmir,17.4,100.0,22.9,1.0,snow
855,2023-04-23,İzmir,19.9,70.0,0.3,0.7,cloudy
856,2023-04-30,İzmir,30.8,40.0,11.6,1.2,sunny
857,2023-05-15,İzmir,37.4,62.0,13.0,0.0,sunny
858,2023-05-26,İzmir,11.1,50.0,6.7,1.2,cloudy
859,2023-05-28,İzmir,6.6,100.0,10.7,0.1,cloudy
860,2023-06-02,İzmir,23.8,60.5,8.55,2.5999999999999996,rain
861,2023-06-05,İzmir,25.3,50.0,12.2,0.0,rain
862,2023-06-10,İzmir,8.45,59.5,29.55,1.6,sunny
863,2023-06-24,İzmir,4.9,49.0,9.0,0.3,cloudy
864,2023-06-27,İzmir,8.850000000000001,65.5,17.1,0.3,cloudy
865,2023-07-04,İzmir,12.8,82.0,22.3,1.2,cloudy
866,2023-07-18,İzmir,5.8,60.0,8.7,0.8,cloudy
867,2023-07-20,İzmir,13.05,65.5,17.6,0.9,sunny
868,2023-07-23,İzmir,31.4,58.0,13.6,0.6,sunny
869,2023-08-02,İzmir,10.5,68.0,16.2,3.4,snow
870,2023-08-21,İzmir,6.0,68.0,15.0,0.7,cloudy
871,2023-08-27,İzmir,21.7,49.0,38.7,0.1,cloudy
872,2023-09-05,İzmir,17.4,52.0,15.9,0.9,sunny
873,2023-09-18,İzmir,13.1,55.0,6.9,3.9,fog
874,2023-09-26,İzmir,6.5,90.0,15.2,0.2,sunny
875,2023-10-15,İzmir,16.5,80.0,5.4,1.6,cloudy
876,2023-10-20,İzmir,20.4,77.0,13.8,0.7,rain
877,2023-11-13,İzmir,7.9,47.0,16.4,3.9,cloudy
878,2023-11-14,İzmir,8.9,75.0,4.3,4.3,snow
879,2023-12-25,İzmir,24.0,57.0,11.4,6.1,cloudy
880,2023-12-27,İzmir,14.6,65.0,24.5,0.3,cloudy
881,2024-01-09,İzmir,28.2,100.0,25.0,4.9,rain
882,2024-01-18,İzmir,1.7,57.0,13.4,0.0,cloudy
883,2024-01-31,İzmir,11.45,56.5,15.8,3.0,cloudy
884,2024-02-15,İzmir,4.3,73.0,19.5,3.1,sunny
885,2024-03-05,İzmir,11.066666666666668,55.0,18.666666666666668,4.7,sunny
886,2024-03-07,İzmir,24.6,77.0,19.4,3.9,cloudy
887,2024-03-08,İzmir,8.9,55.5,15.3,0.5,sunny
888,2024-03-14,İzmir,17.8,67.0,12.5,0.7,rain
889,2024-03-25,İzmir,25.3,72.0,15.6,0.8,cloudy
890,2024-03-26,İzmir,7.8,76.0,28.5,1.0,sunny
891,2024-04-07,İzmir,12.5,50.0,4.0,3.0,rain
892,2024-04-12,İzmir,-9.9,64.0,12.3,1.2,rain
893,2024-04-15,İzmir,7.3,61.0,19.2,0.1,fog
894,2024-04-20,İzmir,-7.2,36.0,3.2,0.3,cloudy
895,2024-05-21,İzmir,1.5,89.0,4.0,3.8,cloudy
896,2024-05-25,İzmir,6.3,55.0,16.1,6.9,sunny
897,2024-05-30,İzmir,18.200000000000003,62.5,9.8,10.6,sunny
898,2024-06-01,İzmir,16.9,55.0,24.0,3.5,sunny
899,2024-06-17,İzmir,4.1,60.5,28.1,2.4,cloudy
900,2024-06-23,İzmir,16.6,66.0,24.7,1.7,rain
901,2024-07-07,İzmir,21.2,66.0,24.8,1.5,cloudy
902,2024-07-18,İzmir,26.2,59.0,13.2,3.9,snow
903,2024-08-03,İzmir,7.1,81.0,25.6,3.9,fog
904,2024-08-04,İzmir,4.7,76.0,13.0,5.4,sunny
905,2024-08-05,İzmir,15.3,60.0,16.1,3.3,sunny
906,2024-08-11,İzmir,32.0,63.0,9.7,5.7,cloudy
907,2024-08-15,İzmir,19.3,52.0,14.7,5.7,sunny
908,2024-08-17,İzmir,33.6,59.0,7.8,2.4,rain
909,2024-08-18,İzmir,23.4,87.0,16.2,4.0,cloudy
910,2024-09-30,İzmir,25.8,72.0,21.4,1.2,fog
911,2024-10-04,İzmir,10.0,52.0,1.1,0.7,sunny
912,2024-10-05,İzmir,16.7,78.0,9.1,2.0,cloudy
913,2024-10-09,İzmir,3.8,78.0,26.9,5.5,sunny
914,2024-10-18,İzmir,7.2,91.0,20.5,0.7,sunny
915,2024-10-21,İzmir,9.55,15.0,9.7,0.9,rain
916,2024-11-12,İzmir,11.9,63.0,18.5,0.0,sunny
917,2024-11-17,İzmir,6.2,77.0,6.9,3.6,sunny
918,2024-11-28,İzmir,19.5,62.0,11.4,0.5,sunny
919,2024-12-01,İzmir,19.8,54.0,17.1,8.4,thunderstorm
920,2024-12-06,İzmir,25.5,68.0,13.7,0.4,sunny
921,2024-12-10,İzmir,18.3,63.0,11.0,0.4,rain
922,2024-12-13,İzmir,17.3,52.0,26.6,5.1,sunny
923,2024-12-15,İzmir,22.7,49.0,1.7,0.2,rain
924,2024-12-17,İzmir,11.8,96.0,3.7,1.0,sunny
925,2024-12-18,İzmir,23.8,47.0,3.8,0.3,fog
926,2025-01-03,İzmir,21.6,67.0,3.9,1.8,cloudy
